Track name,Artist name,Album,Playlist name,Type,ISRC,Spotify - id
"Have They Any Wool?-1","Tone Of Arc","I Know Who You Are","cratediggers.anon","Playlist","QMWN41100022","490XXMy43gPj0ucsz4fUOK"
"Venus (Sunshine People) [DJ Gregory Remix]","Cheek","Venus (sunshine people)","cratediggers.anon","Playlist","FR6V89704335","3xUHVU3Cfqfs5I7tECQt2g"
"Plastic Dreams","Jaydee","Plastic Dreams","cratediggers.anon","Playlist","NLC281011779","5mES4lfufA5pVgj9JAHbUI"
"Dance-Club Mix","Earth People","Dance","cratediggers.anon","Playlist","USI4R0806779","5HFOJLg0YMmPv3srRlNJhj"
"Disco Sound - Dull Mix","Smoke Machine","Mantra Vibes Collection, Vol. 3","cratediggers.anon","Playlist","IT00G9520071","1lzmQi0xpw6mY2KSpDEomc"
"God Made Me Phunky (Extended Mix)","MD X-Spress","God Made Me Phunky","cratediggers.anon","Playlist","GBCPZ0802582","4tvejslaZsD6Y0pFCWipwJ"
"Quaint","Marc Faenger","Komodo EP","cratediggers.anon","Playlist","NLSAR1202703","28oV764yKLMGUyaBDWFPRc"
"Funky Shit - Martin Buttrich Vox Bits","Matty Heilbronn","Jam Files 04","cratediggers.anon","Playlist","DEP081100059","2yY4PisVqpnXLKiWehZDvm"
"Chez C. Untitled - Extended Mix","Chez Damier","Untitled E.P.","cratediggers.anon","Playlist","QMVZM1200048","42ZhIIZdBf6JJoY7IdI0C7"
"Criminal Droppin'","Alci","Unknown Peaks EP","cratediggers.anon","Playlist","FR48Z1400123","3z2Aem61X1Feby6TDAPDyL"
"I Feel The Rhythm","Ron Trent","Primitive Arts","cratediggers.anon","Playlist","GBEWK9900023","2JVzNkHarX3ceGbOB4aF6Q"
"Track 1 Revisited - Reel to Reel Mix","Kerri Chandler","Track 1 Revisited - Single","cratediggers.anon","Playlist","USJ5L0900030","3M29ceOrJWtL0Q6L4uXcbK"
"Feel The Music","Eddie Richards","Eightone 8","cratediggers.anon","Playlist","BEN580300049","1ZgJns2dkQS22MmpOwqxPI"
"Alone","Kevin Yost","Ladies Night Out (BeatKilla)","cratediggers.anon","Playlist","USAQN1145304","5KkS9issEGYj7SmbDONCkj"
"Cycles Of Life","Raymond Castoldi","X-Ray Records 1992-1994","cratediggers.anon","Playlist","NL1MT2000081","1Be7MW2goAgt6Ggyk2WcKK"
"I Can Feel Warm Sun On My Face","Sunshine Jones","Belle Ame Electronique","cratediggers.anon","Playlist","USA671200409","7Hl2pQln0Ah8l9DJCXYR0y"
"I See You Dancing - Original Mix","Mood II Swing","I See You Dancing","cratediggers.anon","Playlist","USZ871200210","3GVyzDR0G8V1Xxko549R7N"
"Do The Freak","Nature Boy","Unreleased Ruffness 1993-1994","cratediggers.anon","Playlist","NLM651900013","275qeicpx21HevVjnpJXs9"
"In the Morning","Mike Sharon","A Groove Livin' EP","cratediggers.anon","Playlist","FR6V81861915","4y09XNQ5dSUo0daDN0dWmP"
"Work That Body","K-Hand","Sounds","cratediggers.anon","Playlist","US3L62100543","1h3LHD3iDbP4MGYNeQG4N5"
"Music People","Moodymann","Silentintroduction","cratediggers.anon","Playlist","usdy41620840","3og6H9EY7uK39wRHdnmZ8h"
"Let It Play - Rap Mix","Bushwacka!","Let It Play","cratediggers.anon","Playlist","DEZ651607264","6aHvgkBva2qXPdaH2IYfYp"
"The Hague Soul","Makam","The Hague Soul","cratediggers.anon","Playlist","DECY50822011","5Qx955brXRW3Y0zi3wioBh"
"Lock Down","Joaquin ""Joe"" Claussell","Raw Tones","cratediggers.anon","Playlist","GBLTF2100077","0jGZYgJjIO136XhNinA4s6"
"Can't Take It - Milton Jackson Remix","Dwele","Can't Take It (Remixes)","cratediggers.anon","Playlist","USPC81101176","0IDoNhpKBMDUT9YK5vIEyy"
"Oscillator","Paperclip People","The Secret Tapes Of Dr. Eich","cratediggers.anon","Playlist","USPC80601056","71GF6Jpd5GYDfQnF29AmrP"
"Got To Be - Herbert Remix","Vincenzo","Got To Be","cratediggers.anon","Playlist","DEL029620040","5YQBgOGH9dNAfLoepMtW2t"
"325","Basement Jaxx","Summer Daze EP","cratediggers.anon","Playlist","GBEHB0400031","6dagpAE992lacnYS4ZmS14"
"Spinal Tap","Larry Heard","Dance 2000, Part 2","cratediggers.anon","Playlist","US4G90400387","5zsPdqUkn9DtdZ313A8XF8"
"Ux2 - Ron Bacardi Remix","Purveyors Of Fine Funk","Ux2","cratediggers.anon","Playlist","UKACT1931087","4IBOEGd9yBg4iQme2lxNH3"
"Toi et moi","Marcu Rares","Toi et moi","cratediggers.anon","Playlist","QZHN91977032","44HBdeU1q3rcUA6iUZ3bB7"
"I Hear My Calling (feat. Sean Grant) - Vocal Mix","Kings Of Tomorrow","I Hear My Calling (feat. Sean Grant)","cratediggers.anon","Playlist","GBCPZ9615014","3bGARDNgQXcoyKeCzkW19A"
"Without You - Extended 12- mix","Art Department","Vampire Nightclub / Without You","cratediggers.anon","Playlist","GB7NR1116201","2aVoHyraRl0I6e7CMTNp9K"
"The Revolution Will Not Be Televised (Lunar Disco Beats)","Soul Rebels","The Revolution Will Not Be Televised","cratediggers.anon","Playlist","GBCPZ0200740","0ioSqGggnQH9XrpXSfdzYw"
"Watch Me Now - Steve Ward's Hidden Theatre Homage","D-Nox","Watch Me Now","cratediggers.anon","Playlist","DECY51257242","07FZgTwfY31P703JkZsw2m"
"Space","DJ Aakmael","Beautiphul - EP","cratediggers.anon","Playlist","GBUD71500072","6lglANhdWV8t0GewjuI5Os"
"There Was A Time - Original Mix","Okain","There Was A Time EP","cratediggers.anon","Playlist","DECY52000816","3OyVNK5W4oQEibJlHdVcCY"
"On My Mind - JT Donaldson Remix","Nick Maurer","On My Mind","cratediggers.anon","Playlist","UKM6J2100029","1kSit9D7RJavDLkXlhPEWx"
"Met Harvey In A Bar","Luna City Express","Crazy Planet EP","cratediggers.anon","Playlist","DEX040600009","3imaT1svrFaDjfbepBehUe"
"Houston We Have a Problem","Genius Of Time","Drifting Back","cratediggers.anon","Playlist","NLL561102917","3MXmUXRFXn4ydAVrYPV0N2"
"Nothing Less","No Regular Play","Nothing Less","cratediggers.anon","Playlist","QMLJP1200012","6TNz57fUW1wi075KP4kKzC"
"Self Conscience","Pirahnahead","Ngtv Nrg Stage 1","cratediggers.anon","Playlist","GBGXG1000310","0zwkVshlwwkfyYvXFvnZvv"
"Spread Love (Club Mix)","Known Artist","CLUBMIX002","cratediggers.anon","Playlist","QZTB82203653","4jAgtbF6Lcgc9DmvzuMMff"
"Free Love","Daniel Steinberg","Free Love / Silk","cratediggers.anon","Playlist","DECY52200192","7EhFJ5xpMQHsrX0a6yOZeW"
"Dancing in Outer Space - Masters At Work Dubbed in Space Version 1","Atmosfear","Dancing in Outer Space (Masters At Work Remixes)","cratediggers.anon","Playlist","GBCLQ9700022","1xxyY6BDVKjwEBiqcEn389"
"All Nights","Martyn","Collabs # 1","cratediggers.anon","Playlist","IEBAE1100001","5Oe7gYAG46p0O4Nfnx60bW"
"Move Yo Body","Hearsay","New York House Music Vol.1","cratediggers.anon","Playlist","USDDT0600038","4zpWflIDt884bz9qbVG46S"
"Live From Da Underground","Da Vibe Project","Jus' A Feelin' / Live From Da Underground","cratediggers.anon","Playlist","UKJBQ9600003","2byaRON61phN4DlPkBr9Zu"
"Mushrooms - Salt City Orchestra Out There Mix","Marshall Jefferson","Mushrooms","cratediggers.anon","Playlist","GBHCD9802010","2vRbn7ZmxrkEO2SBfxJe3V"
"Dondi Bisco","Lexy","Dondi Bisco","cratediggers.anon","Playlist","DEHZ31200760","1orupMN0ZXfZ9qYvP7sm2c"
"Digital Extensions - Original Mix","Boo Williams","Split Ep","cratediggers.anon","Playlist","DEK601804015","7jisIosnuRI4HXq8q5dz8d"
"It's Yours (feat. E-Man) - Distant Music Mix","Jon Cutler","It's Yours (feat. E-Man)","cratediggers.anon","Playlist","GBCPZ0802862","1PrrP9oAtJTmNJDHWrctY5"
"We Have Love","Dan Shake","We Have Love","cratediggers.anon","Playlist","GBJX32059508","1jlP9hgGy6jKlCixAQRtUK"
"Crash the Box - Lord Leopard Remix","Mang Dynasty","Crash the Box","cratediggers.anon","Playlist","UK9231900007","6gBOgx6hOrbhsW6pQJDhEz"
"We Bring U Muzik - Warehouse Mix","Gerd","We Bring U Muzik","cratediggers.anon","Playlist","GBCPZ2220689","7KbhUJsb2bSTxpiM2JJxkh"
"Dance Of The Shaman - Shaf Huse Remix","Darius Syrossian","Dance Of The Shaman","cratediggers.anon","Playlist","GBLV61812089","3zchm50aQhuuMzMHup1P0h"
"Wanna Do Right - Original Mix","Flow","Low Pressings 45","cratediggers.anon","Playlist","US83Z1322258","4voWVPOkOsDDk913fBdwrY"
"Rythmic - Original Mix","YSC","Fusion EP","cratediggers.anon","Playlist","DEK602020016","76x2SdlK3EEs2C1maW2l92"
"10AM Fuse","Seb Zito","Theory to Start EP","cratediggers.anon","Playlist","UK6GD1900053","0AJEiWfdAGWwaNOvGihMm4"
"Cowboys","Dusty Kid","A Raver’s Diary","cratediggers.anon","Playlist","ITK770800008","5VD1dE9OOw35YjW9FKj8Ao"
"The Leopard - Extrawelt Remix","Minilogue","The Leopard Rmx","cratediggers.anon","Playlist","DEBW20700005","6uIIzEdxQLpg9vCKECRitZ"
"The Sky Was Pink - Holden Remix","Nathan Fake","The Sky Was Pink","cratediggers.anon","Playlist","GBUZD0800603","2oeEq7M17OE5rqcYYYHZet"
"Keep Control - Original Extended Mix","Sono","Keep Control plus","cratediggers.anon","Playlist","DEN060900399","4uIoqT0CUlFk4p3LJiyCU9"
"I Don't Need A Cure For This - Kenny Larkin Remix","Radio Slave","I Don't Need a Cure for This / N.I.N.A (Remixes)","cratediggers.anon","Playlist","GBLTF1000046","0P4jPZI50DFTVDFYm0Gu4G"
"Vision","Ali X","Let's Get Naked","cratediggers.anon","Playlist","CAT391600064","0zy3NoYUySV9vn6673XTXk"
"Exile 007 B2","Johannes Heil","EXILE 007","cratediggers.anon","Playlist","DECH61700012","1NSuao7JfgbZB0cE85M87h"
"Serenity","Popof","Serenity","cratediggers.anon","Playlist","FR6V81171281","1kDqntrhTIOeFyuQAJfTs0"
"Subzero - Original Mix","Ben Klock","Before One EP","cratediggers.anon","Playlist","DELG70900085","7p6oXzBSPAXXz8Xb8gBPki"
"Silver - Silence Live Mix","Hunter/Game","Silver (Silence Live Mix)","cratediggers.anon","Playlist","DEU671900084","46er0DGiLZlXi6pBoDcd9q"
"Turya","Audiojack","Turya","cratediggers.anon","Playlist","GB7NR1616401","0j0NaqqqVDZQF9JKp7uoqw"
"Storyreel - Chris Hampshire's ""Flying At Earth"" Mix","Interflow","Storyreel","cratediggers.anon","Playlist","USTB10803004","6rUvQvPlyv1sAeDZLAKWqW"
"For What You Dream Of - Full On Renaissance Mix Edit","Bedrock","For What You Dream Of","cratediggers.anon","Playlist","GBEPM2302021","2y0Ccue7sR8eV6ZFyCrZBQ"
"Shadows - Edwin Oosterwal Dub","Pitto","Shadows","cratediggers.anon","Playlist","NLEW21400006","1zEBl8lpY621Bm2voBHF17"
"Espiral","Rigopolar","We Are One","cratediggers.anon","Playlist","USLZJ1968111","0accPB1EGOijchBUTKkljT"
"As The Rush Comes - Gabriel & Dresden Sweeping Strings Remix","Motorcycle","As The Rush Comes","cratediggers.anon","Playlist","GBAYE0302516","6KnZOnWcs2dxRCbdBZusNF"
"What Is Real - Deep in the Playa Mix","Rodriguez Jr.","Blisss Remixes, Pt. 1","cratediggers.anon","Playlist","DECL12000998","2VSGjw9ZylEcrf8uzEsvwi"
"Life Is Strange - Red Axes In The Moment Remix","Rebolledo","Mondo Re-Alterado","cratediggers.anon","Playlist","DEU671700118","6xkURxdy3hOHKOUNgpCSrR"
"I'm Gonna Get You - Melon's X-Rated Version","Nina Kraviz","I'm Week","cratediggers.anon","Playlist","GBLTF1000064","5QGEpnoRrhlxXoxgVqNk3g"
"Sorry I Am Late - Extended","Kollektiv Turmstrasse","Sorry I Am Late (Extended)","cratediggers.anon","Playlist","DEDH71500021","4FpawvuBz4HxTz7UqR4ter"
"Heart Strings","Whyt Noyz","Heart Strings","cratediggers.anon","Playlist","CAM261500018","6AfauoecVwv9AOtcTRigGM"
"Conjure Dreams","Maceo Plex","Conjure Infinity","cratediggers.anon","Playlist","GBUR61400001","3B82rCeX1aIZGC19Hf85fh"
"Got To Keep On - Midland Remix","The Chemical Brothers","Got To Keep On (Midland Remix)","cratediggers.anon","Playlist","GBUM71901174","4gFOvBBmtQcYQMQ8YxpeSu"
"You're A Fish","A. Balter","You're A Fish","cratediggers.anon","Playlist","US83Z1772520","36aBtcfik3G1orzsZiSLKU"
"At Night - Peggy Gou's Acid Journey Remix","Shakedown","At Night (Remixes)","cratediggers.anon","Playlist","GBCPZ1813875","2S07r08uP4VjkbEkHgt3ot"
"Sweet Disposition - Camille Luciani Remix","The Temper Trap","Sweet Disposition (Camille Luciani Remix)","cratediggers.anon","Playlist","BEZ351900159","1uuTqABmP2d7Jwn3usThx5"
"Thinking of You - Serge Devant's Floor Cut","Damiano C","Thinking of You","cratediggers.anon","Playlist","GB7NR1718302","5E0zIb6TVRfMFZttCFlAZC"
"We Are an Exception","Eitan Reiter","We Are an Exception","cratediggers.anon","Playlist","ESF971289997","6ahv3HrAU3i1y2dRpW3lzw"
"Belle De Lune","Michael Mayer","Higher","cratediggers.anon","Playlist","DEU672000344","365nMxyKkYU7vr30aYL2ZK"
"Out Of Time","Sasha","Out Of Time (feat. Poliça)","cratediggers.anon","Playlist","DEU671700064","2t9WioYqK4d9O6AZGj2s9O"
"Freak","LFO","Sheath","cratediggers.anon","Playlist","GBBPW0300120","0E0RNF1SGwL44s3PU52gIb"
"This Is a Dream","Tiga","This Is a Dream","cratediggers.anon","Playlist","DEG932001351","7AfMHMKIg9MKMN7rePjukN"
"My Toyz","Popof","Year Five - Best of (The Very Best Tracks LP)","cratediggers.anon","Playlist","FR6V82199573","2qAWE2X8a8IKxLGuG3ca8F"
"Kept Within","Aril Brikha","Ex Machina","cratediggers.anon","Playlist","GBEWK0600067","15L5b8hC5RjY3iB2VGZ9cv"
"Yes We Can - Umek Remix","Oliver Koletzki & Roland Clark","Yes We Can","cratediggers.anon","Playlist","IT00G0970266","0hlRA6kBrPGGmt3PPsB51w"
"Te Guardo Una Tarde De Sol","El_Txef_A","Te Guardo Una Tarde De Sol","cratediggers.anon","Playlist","ESA041002243","3XXfQaDi9nw1XbJaXyxTiL"
"Sonification - Remix","Hernan Cattaneo & Soundexile","The Remixes Ep","cratediggers.anon","Playlist","USA2P1212016","6w94L3EZ1ZFsLjacaoq76h"
"Acamar","Frankey & Sandrino","Acamar EP","cratediggers.anon","Playlist","DEEC31500014","2o9fz1ALwGI65oMzueYMUI"
"First Time - Claudio Polizzotto Remix","Domshe","Remixes, Pt. 2","cratediggers.anon","Playlist","GBKQU1806471","3u2kX6SjcrNLXl1XEa0EQC"
"Tame the Grain - Joshua Jesse Remix","Uone","Tame the Grain","cratediggers.anon","Playlist","DEQ121427669","3PEmOGpwUYsCvesTS7rZ9l"
"Keys To Life - Kyodai Remix","Echonomist","Keys To Life","cratediggers.anon","Playlist","DEL021380054","2wdckc3PG7m4dzR96T4NR3"
"Gott Ist Schrott","Extrawelt","Fear Of An Extra Planet","cratediggers.anon","Playlist","DEQ201701670","69WFx36P3V3uCmL7i22xLI"
"Mañana Means Heaven - Jamie Lie a Kwie Remix","Hector","Rogue Traders Remixed, Pt. 2","cratediggers.anon","Playlist","UKACT1930023","3AKwH5KgY3Kx9FHCdpQ7Vo"
"Tanzbaren Elemente","Eduardo De la Calle","Klassiker Elektronischen","cratediggers.anon","Playlist","DECH61600002","7wmNRQUZMyVElaWi3lWrwx"
"Rolling for the Mix","Daso","Collaborations Oliver Lieb & Jimmy Van M as The Usual Suspects","cratediggers.anon","Playlist","GBEPM1000432","2pzbl9cYcvZLN4jI9cZ28O"
"Soft Light Turns On","Lanny May","Soft Light Turns On","cratediggers.anon","Playlist","NLHR21100193","7Adzq6UBB99Xl5E5OpZo8j"
"Just a Track","efdemin","Just a Track / Love","cratediggers.anon","Playlist","DECY50780341","1unQ9jUF5GSl2u8CTzv1fT"
"Revert Me Back - Ilias Katelanos Remix","D.Chmelyuk","Revert Me Back","cratediggers.anon","Playlist","GBSWM1200260","6YuTLCpXYcyLrCdeYKYGrw"
"Portal From Mars","Dance Spirit","Kinships","cratediggers.anon","Playlist","US83Z1834518","4xqxQ9Dqqzs7PnZwlly2N4"
"No Sabe, No Sabe - Martin Eyerer Remix","Rosselot","No Sabe, No Sabe E.P.","cratediggers.anon","Playlist","DEH740802679","4LUj1FI7om4WvKblHUGrpi"
"I Want You - Alan Fitzpatrick Remix","Trus'me","Pn27","cratediggers.anon","Playlist","GBRNM1400040","409ZfdBD3tjcTpYUbuK5Od"
"Leven","Egbert","Warm (Bonus Track Version)","cratediggers.anon","Playlist","DECY51357048","1yQWGDIw3XiQtLVoB6eV70"
"Gravity","Pan-Pot","Gravity","cratediggers.anon","Playlist","DECL11200400","5wznrnjeVlZ75pa3DtEMCZ"
"BamBam","Matador","Spooks","cratediggers.anon","Playlist","CAM261250371","6irgi2yYCChQAQJtEIdyZb"
"Music Is The Answer (Dancin' & Prancin')","Danny Tenaglia","Tourism","cratediggers.anon","Playlist","USTW29857757","0scnE7Y7YLjKyEfCmDXvSZ"
"The Sudden Rush","Pig&Dan","Underground Sound Of Miami Series 2","cratediggers.anon","Playlist","GBEPM1000598","27Ju4jpdnpekDjVFSdZSOU"
"Dream Space","Raxon","A-Sides, Vol. 8","cratediggers.anon","Playlist","GBUR61900117","5p3OuN3RsxOhyx4h4n6WDp"
"Cups","Underworld","Beaucoup Fish (Remastered / Super Deluxe)","cratediggers.anon","Playlist","UK7EF1600001","2jX3LIqfrXmJSznCL5x5aW"
"Party All The Time - Original Mix","Sharam","PATT (Party All The Time) EP","cratediggers.anon","Playlist","GBKQU1810370","2zV0JETWJfzT45MrXtoSif"
"Doiicie - A","Minilogue","Carry On, Pretend We're Not In The Room","cratediggers.anon","Playlist","BEN580800350","3a5sbseoseoN4XG0SeS4r9"
"Pick Up - 12"" Extended Disco Version","DJ Koze","Pick Up","cratediggers.anon","Playlist","DEMM11800017","57NwQSjq7DuWrxDNj3tpJL"
"I Get Deep - Late Nite Tuff Guy Remix","DJ Le Roi","I Get Deep (The Remixes)","cratediggers.anon","Playlist","DEBE71200004","402cbcLmeUIQxwehh84Bki"
"What Is This Sound - Archie Hamilton's Higher Repurpose Mix","Peace Division","Archie Hamilton Higher Repurpose Mixes","cratediggers.anon","Playlist","GBJX33720008","6DP8R7XgtNGQCKeFwwaIEL"
"Midnight - Original Mix","Solaris Heights","Midnight","cratediggers.anon","Playlist","GBHCD0202110","6jcboBtcnuOH35WRyR5dvF"
"Reprise","Carl Finlow","Count On It","cratediggers.anon","Playlist","GBSNZ0700030","3bTVsFl49czonx8Gb6alyT"
"Rock You All Night - Extended","Pig&Dan","Rock You All Night","cratediggers.anon","Playlist","GB7NR2227303","2v9ZraKmBezap6jvGWAvfh"
"Recenter Yourself","Sweely","Danc'n In The Garage","cratediggers.anon","Playlist","DEY472274439","4puKZy7RwMHeupcs0X35uz"
"All My Love is ""Free""","Jump Source","Guide to Action","cratediggers.anon","Playlist","CAU011600006","4oUD9yG2v7F1kpydL4kw6X"
"The Way Luv Goes","Ricky Razu","Autumn Jams","cratediggers.anon","Playlist","FR96X1778004","4vispYfQ0LvlkAQuWoxEaN"
"Jazz 2 Jazz","XHZ","Jazz 2 Jazz","cratediggers.anon","Playlist","QZDA72165356","2zDWhxayHt2KSVtMNO9j6D"
"Destiny - Original mix","Mentalhighs","Black Files EP","cratediggers.anon","Playlist","ITH641024442","7cpmi8tNcTuJjtWIO06Fub"
"Orbitallife","Johnny D","Orbitalife","cratediggers.anon","Playlist","DEDL80800325","0rRRXafUAkAzUbh4Lr1pWF"
"Plastic Replicant","Tifra","Plastic Replicant EP","cratediggers.anon","Playlist","UKWGH2200001","2vDnQ11QjzRzm9ErjmnVBj"
"Hold It","Peace Division","Three Corners EP","cratediggers.anon","Playlist","DEDL80900006","1WqhqeQZz6tyrSdiQUBmpR"
"Rush - Original Mix","Daniel Stefanik","Confidence","cratediggers.anon","Playlist","DEQ201200871","3e3HEoIh3iHlFLJgNDZHQR"
"No","Moodymann","Moodymann","cratediggers.anon","Playlist","uscgh1407819","4u4hjSzHMv0BwsWvaxF2pF"
"Red World","Vitess","Red World - EP","cratediggers.anon","Playlist","UKACT2230132","2RLtXS2fWH9NjW8KTmVk0B"
"Funkert - Extended","Virginia","Funkert / Raverd","cratediggers.anon","Playlist","DELG71400760","358feGR1c3eAUg0PruBRHz"
"Hypnodelic","Francois K","FK - EP and Beyond","cratediggers.anon","Playlist","USWA19610018","2VxKNz6Bkader0Qcn4i1JB"
"Trinidad","Apollonia","Trinidad","cratediggers.anon","Playlist","DEZ651360831","7CfYDzJokcKCAUkPn5euCg"
"This Time - Gorge Remix","Lovebirds","This Time","cratediggers.anon","Playlist","GBJAJ1102003","5Ww1cP4urUgKSNMQJgSArn"
"Be Real","MADVILLA","Gelato Dream","cratediggers.anon","Playlist","UK74K1400647","2yhR0kz2rIZNTRfN9Fg6bT"
"Ghostown","NTFO","Pretoria / Ghostown","cratediggers.anon","Playlist","FR6V82543632","4rAWDdKNA6hE4qMyqdDAYm"
"Exoplanet - Deepkomplekt Remix Radio Version","Highdub","Symbiosis","cratediggers.anon","Playlist","GBKQU2195318","3LvQyUyauKSSRTtyNkY7vJ"
"Losing Game","Cameo Culture","No.19 Music Spring Sampler 2012","cratediggers.anon","Playlist","CA3V21300022","7ukeBFf6AHRLejoCbsjUvW"
"Sky Hunt - Original Mix","Dj Steaw","White Journey EP","cratediggers.anon","Playlist","DEZ651204936","4YEYUY0fboH8firaHpyyLZ"
"Hierophant","DJ Life","Neural Oscillations EP","cratediggers.anon","Playlist","DECY51902958","74fn1m2Fn8XjLbX746CkWJ"
"Ahck - Original Mix","Minilogue","The Girl from Botany Bay","cratediggers.anon","Playlist","DEDY50600002","1eMrJHIuml3PEUWlRfYCnM"
"Perspective","Harrison BDP","Perspective","cratediggers.anon","Playlist","UKN6K2002603","01VCUpI3pgLJXDabXHUlyG"
"909 NRG - Transit State Remix","Reflex Blue","Chem Trails","cratediggers.anon","Playlist","QZES52171284","3aty0KhZSorDZsRY1pULxP"
"State of Interference - Original Mix","Bill Hamel","House Arrest","cratediggers.anon","Playlist","GBVVQ2000008","4A5q9kNLcnjMOyUSzpsRsM"
"No Way Back","Adonis","No Way Back","cratediggers.anon","Playlist","US3VR8600001","7nQaBI1NTv5kpPyeMruTTK"
"The Sun Can't Compare - Long Version","Larry Heard","E.P.","cratediggers.anon","Playlist","US4G90500310","50TVKYY0LRQAqKI8EfBqzC"
"Roots - DJ Tennis Remix","Loco Dice","Love Letters Remix Edition","cratediggers.anon","Playlist","DEHE41900024","6RnRWrs0pP7oitJWiAapvy"
"Acid Cult - Extended Mix","Make A Dance","I Need Somebody","cratediggers.anon","Playlist","GBCPZ2120728","2juEVhDUg4RvvQVJYfJRUr"
"Canceled On Request","Kolter","Canceled On Request","cratediggers.anon","Playlist","CA5KR1954545","17ndVd9F6eGtYJLrWgb1kc"
"Pinseeker","Gene On Earth","Time On The Vine","cratediggers.anon","Playlist","DEY472272146","15Ig7YthWw3CtrcyxLAliB"
"Folie A Deux - Original Mix","Shimammo","Polyphoniae","cratediggers.anon","Playlist","CA5KR2190352","6CJHZH9vnEj2rQkA4fx2IV"
"The Resistance","Scan 7","The Resistance","cratediggers.anon","Playlist","DEF271225501","3s8urbrshsaX4Rn9QijrKq"
"Good Times Ahead","Nathan Pinder","Haŵs Party Vol. 3","cratediggers.anon","Playlist","GB8KE2151756","46YhKhg2HCEdW0xGwa8xfe"
"Remind","Orbital","Orbital 2","cratediggers.anon","Playlist","GBANR0000023","7bYab61Dffg0ckGLwxglSd"
"20 Blocks Around - Original Mix","Jesse Jacob","Together EP","cratediggers.anon","Playlist","CA5KR2039343","5tM65K8cxR8TFMtr9UwUJw"
"Body Close To Mine","Purveyors Of Fine Funk","How Dark Is Your Deepness ?","cratediggers.anon","Playlist","FRPGF1300060","66jK8cebvU9tOa64unPTzF"
"Dreamers","Enzo Siragusa","A Decade Of Rave - Volume 2","cratediggers.anon","Playlist","UK6GD1900043","0ksrbTGkU1bcIAVMBQzUoD"
"Making A Living - Original Mix","Lee Rodriguez","The African Dream LP","cratediggers.anon","Playlist","USLZJ1426593","5MVAEKPGOvE2F5YnNUFz8m"
"Honeybird - Eden Burns Remix","Andras","Joyful Remixes","cratediggers.anon","Playlist","QMUDY2000093","3aPskrrmm2yBxpJK9tpBtl"
"Gentleness","Gamat 3000","Radio Moon","cratediggers.anon","Playlist","DEX040000003","3P0VBFqVnElDseRdq47Mzm"
"R.E.M - Original Mix","Luna City Express","R.E.M","cratediggers.anon","Playlist","ESA040800735","36jQVhxjtt0zzdkT8Sqo8g"
"Sunday at Glasto (1-800 GIRLS Remix)","Barry Can't Swim","Sunday at Glasto (1-800 GIRLS Remix)","cratediggers.anon","Playlist","NL1AP2063171","6DS8R8r5jpJWuBCligh646"
"Subdue - Extended Mix","Iglesias","Subdue - EP","cratediggers.anon","Playlist","GBJAJ1900431","1E5986bRMMFKkE46PpOzkN"
"Sueno Latino - Winter Version","Sueño Latino","Sueno Latino","cratediggers.anon","Playlist","IT00G8900171","1JFzlwChrAsJD9V3IxOjJq"
"By Night","Ray Mono","Blowback EP","cratediggers.anon","Playlist","UK6GD2000085","5mwUdMnM9WDoXqEvpSrrSn"
"Stop Trying Keep Doing","ANOTR","Universal Love E.P.","cratediggers.anon","Playlist","GBKQU1978774","45YCl25RK4Y2cSaXjjMxCy"
"New Life","Fresh & Low","Little i EP","cratediggers.anon","Playlist","UKPLG1800004","5WDQOef6IXuDkLNm8sz2fi"
"Reported - DeMarzo Remix","BADEO","Reported EP","cratediggers.anon","Playlist","CA5KR2006199","5F26UXJqCASSw2Bz2IW5bv"
"Same Man - Original Mix","DJ Delicious","Same Man","cratediggers.anon","Playlist","DEF010600321","1jF7iS6eglDZbooRerFsU4"
"New Steps","Sebo K","New Steps","cratediggers.anon","Playlist","DEG931912218","4FWYYzx0HliaJrsLQQIivF"
"Steppenwolf - Jerome Sydenham´s Blacktro Dub Remix","HOSH","Remix: Session 01","cratediggers.anon","Playlist","DEDH70600035","5Y9JtLkEpQBznjgLJ7Qtto"
"Nice 2 B Free","Guy Contact","Euphoria Simulator","cratediggers.anon","Playlist","GB8KE2161476","77xNAHSKyuxiGWi3rG3i3i"
"Deep musique - Original Mix","Pastaboys","Deep musique","cratediggers.anon","Playlist","ITJ781400082","0doIlRe8EjjSLEDPAVAmLy"
"Can't Wait","100Hz","Stay EP","cratediggers.anon","Playlist","GBKQU2285258","3Q8pfsfGMSVOVxlzop4lBq"
"I Can't","Soul Wun","I Can't","cratediggers.anon","Playlist","QZBRF1890967","6JyBOAMZAZcvMaQGKb9BsO"
"Do It Now - Deep Tech Version","Dubtribe Sound System","Purobeach Volumen Seis","cratediggers.anon","Playlist","GBCPZ0100344","1TPButXBkDcYdmqNERUlnd"
"Believe - Fred Everything Vocal Mix","Soldiers of Twilight","Remixes Part One","cratediggers.anon","Playlist","FRV600200015","67pNcOfOypZKgmUDNIvFfv"
"U Gotta Show Me Luv","Júlio Cruz","U Gotta Show Me Luv","cratediggers.anon","Playlist","DEZC62287203","75VSdRnqtNiJVXgb8MNOoN"
"Computer Monkey feat. The Advent - Legowelt Remix","Captain Mustache","Computer Monkey feat. The Advent","cratediggers.anon","Playlist","FR9W12239662","5NWEgJwMyH3R2MLEW0JsGe"
"Can You Dance?","Dyed Soundorom","Tapioka","cratediggers.anon","Playlist","GBRSW0800062","0V82ERZto7cgmMlAt7PTjY"
"Echolocation","Chaos In The CBD","Brainstorm - EP","cratediggers.anon","Playlist","FRX452137806","7qrXPKKpEoWEjehANH01Re"
"Who Stole the Soul","Scan 7","Orchestrated Reality","cratediggers.anon","Playlist","GBGXG2000764","14C6JeBgiHvmwLRPEPFaSv"
"They","Ruff Stuff","They","cratediggers.anon","Playlist","UKN6K2001112","1fWJK9r5yWnlGWNt9cCYru"
"Dancing Stuff (I Love the Way) - Moodena Remix","Massiande","Dancing Stuff (I Love the Way)","cratediggers.anon","Playlist","UKACT2030446","4j1FG20fUFtBq9v0INaahg"
"Set Free - Extended Mix","AndMe & Bastian","Set Free","cratediggers.anon","Playlist","CA7C62200844","2St3HnnB8l1CGF2LnTvrCo"
"Moments In Dub","Nick Holder","Underground Alternatives","cratediggers.anon","Playlist","GBHSF0400528","66Wky7DB4fiLq5nJnGmmj0"
"Telomere","Subversive","Chainbreaker","cratediggers.anon","Playlist","QM8ZS1400005","0dhbbkrre32IKoihuySGt8"
"Conscious of My Conscience - Borrowed Identity Remix","Freaks","Rebirth 10 Remixed, Pt. 2","cratediggers.anon","Playlist","ITJ781600033","2eGbxOIxbPziM3cpqo1A8B"
"Humidity","Ezra Collins","Continental Humidity","cratediggers.anon","Playlist","GBLV62125107","3bLnhiJL7VMtwSCe0Boz6c"
"Say It Again","Soul of Hex","Say It Again","cratediggers.anon","Playlist","GBZHR2100341","5O6L3LTtWHFdv9vmd7Zz6w"
"Together Onetime - Butch Remix","Dole & Kom","Together Onetime (Butch Remix)","cratediggers.anon","Playlist","GBLV62118725","58wLMDD4RqAkzcPT3btlyF"
"You & I","Fabe (Ger)","PIV ADE Sampler '21, Pt. 1","cratediggers.anon","Playlist","DEY472176503","6eeVKgXmOxIaNuGDlEMgOW"
"Groundwater","Hostox","Night Sketch","cratediggers.anon","Playlist","CA5KR1905411","1VX5GTmo1NnhNrudwJeb5N"
"Til You See","Amy Dabbs","Til You See","cratediggers.anon","Playlist","DECY52200709","2UuWZlFtOuSHdMxU8LH1A6"
"Thai Take Away","Törsh","¿Tienes Fuego?","cratediggers.anon","Playlist","DETB31800216","47jPtQs9LRiVLZG4t9GqTn"
"Valentine's Groove","Kink","Valentine's Groove","cratediggers.anon","Playlist","NLL561606574","6xTSXB9aXvk3Xy4FioT7fn"
"Amoura","Kevin Over","Where To Begin","cratediggers.anon","Playlist","GBBXG1700094","0SlDYHLNSwMZLhWgJjskkW"
"Where Are You Now?","Andre Lodemann","Fragments 1","cratediggers.anon","Playlist","DEKY50800006","0EPlnYHqzAxCQrUaRZUHQM"
"Life Is Trippy","Nyra","CANOE006","cratediggers.anon","Playlist","GBJX31984004","0hqP8FRMyw5rZtpxF1i7Jc"
"Una Y Nada","Toman","Una Y Nada","cratediggers.anon","Playlist","DEY472271040","5JVmpBzMrSLbhRjjsHzwOR"
"An Ode to Midnight","Jeigo","An Ode to Midnight","cratediggers.anon","Playlist","UKACT1931217","0aphLiTn4qhPVbDIq5fvuJ"
"Play It Loud - FX Mix","Baruka","Play It Loud EP","cratediggers.anon","Playlist","NLE801900173","58TlSmcBck7GF3nyBso4aY"
"Back to Me","6th Borough Project","One Night in the Borough","cratediggers.anon","Playlist","GBZHR0900058","7AxW4fxzK80M3fYJQVXrjq"
"Mish Mash","Christian Burkhardt","Mish Mash","cratediggers.anon","Playlist","DEKB72079014","1bzAc9EXRTexaae20PU0sT"
"Jazzercise","Alex Ranerro","The Interview","cratediggers.anon","Playlist","ITKG01700199","2dx4RzVZj7fBHI5xWWlG7T"
"The Dance","Derrick May","Innovator (Mayday)","cratediggers.anon","Playlist","BEZ350800083","3BcFcJUfnBh3nmwvg6ra3g"
"The Renegade - Special Request Murder Mix","Friend Within","The Renegade","cratediggers.anon","Playlist","GBCEN1300918","0G2nFbr2o5mcyr8jUR0LyG"
"Kinetic - Frank De Wulf Remix","Golden Girls","Straight From The Vault - Volume 2","cratediggers.anon","Playlist","BEU921100030","6JsT904y5e6cAhSlmiBw8o"
"Dreams Of A Digital Sublime - Roza Terenzi Remix","Priori","On A Nimbus Remixes","cratediggers.anon","Playlist","GBJX31844065","1U7sP2g9rXwQggWD8gEmy4"
"It's A Groove Thang - Black Glitter LB Extended MixX","Mike Dunn","It’s A Groove Thang","cratediggers.anon","Playlist","GBCPZ2120538","6TLStFTIiBSo0GB2iDgqQi"
"Eye Luv U","Tiga","!K7 Kollections 03: The Club II","cratediggers.anon","Playlist","CAT391600083","0X1XbYcy0hYCEX60eIkib1"
"Morning Factory","Chez Damier","Word, Sound & Power","cratediggers.anon","Playlist","NLM971700001","5Ss4qt2UmN2MIugKdbCR6K"
"Messing with My Soul","Kevin Yost","I Records: The Singles, Vol. 5","cratediggers.anon","Playlist","USAQN1575301","64ri08lY3HuKeclJzV3Tin"
"Body Knows Best","Ronan","Radical Acceptance","cratediggers.anon","Playlist","USYBL2101398","5x2iFMzULssg8SKDb0VNLX"
"Holiday - Ben Rau Meta Remix","Roy Ayers","Holiday (Ben Rau Remixes)","cratediggers.anon","Playlist","GBEQT1800216","4yKTlZ98KQO46zETZUisyk"
"Feel the Groove","Mattei & Omich","Drop the Bomb","cratediggers.anon","Playlist","DEAR41333301","1HqvPKgNv7qjObSD9BBGSH"
"Lovelee Dae - Original","Blaze","Lovelee Dae","cratediggers.anon","Playlist","GBCPZ1104910","3CUZhJEreKw7B80VTL9K6e"
"Fermented","DJ Life","Menta EP","cratediggers.anon","Playlist","QZHN42341681","5ipEX0SfYP8gkL4eNtOqED"
"Move","Demuja","Move","cratediggers.anon","Playlist","GBDLP1701001","3TCfjANo5O7yLjwQp9fkRa"
"Fears On Me - Dub Mix","Lukas Greenberg","Prisoner In A Club","cratediggers.anon","Playlist","DEAZ31010050","28TB4WkubUhk0x6TPXogDh"
"Mauna Kea","ANF","Mauna Kea","cratediggers.anon","Playlist","USYBL1900559","2JOF79wdQ8GsyLQvRtgUDp"
"Technology","Nasty Habits","1994/2001 Remastered","cratediggers.anon","Playlist","GBA2A2000018","5n98fCUx3OBUtgN4Yn7vU8"
"Take a Chance","SWAG","Mis-Shapes","cratediggers.anon","Playlist","UKWN90000022","4JVIjKq4eSBrsYIHiovYnu"
"Acid Talk","Route 8","303 Exercise","cratediggers.anon","Playlist","UKN6K1800198","5jFv06YwdpNHCc9CqxzXda"
"Get Into the Sound - Base Mix","Tales From Underground","Mantra Vibes Collection, Vol. 3","cratediggers.anon","Playlist","IT00G9520081","7nwChZjls0xARsdEcTocUz"
"Automatic - Original","Shinra","Automatic / Betamatic","cratediggers.anon","Playlist","GB-SCE-10-00010","2CCjjM5NJbfe2EM30D1cyz"
"Deeper - Brian Tappert Soulfuric Vocal Mix","Groove Junkies","Deeptown Music Spring Sampler 2012","cratediggers.anon","Playlist","GBKQU1289621","04xmYKmRYySDkgxnfsXpOw"
"Nelly’s Jelly","Gene On Earth","Lazybones","cratediggers.anon","Playlist","DEY472372474","1B9gwDtylNgVO4inAzsgAp"
"Not A Word","Fort Romeau","Insides","cratediggers.anon","Playlist","US2J71503405","6H3glgjHXBQg5sasBCRSqu"
"Organic Damage","Ray Mono","Amongst Friends","cratediggers.anon","Playlist","DEW872105519","0VT7peBFGSuYHYgPixUcJd"
"Velvet - Funk D'void Remix","Samuel L Session","The Velvet Mixes","cratediggers.anon","Playlist","DEH742309900","1cZNuARVVHaJxDYslzjHoZ"
"Evening Drive","Chris Stussy","PIV ADE SAMPLER 2019","cratediggers.anon","Playlist","DEY471982567","25iuPAsp2Rd7GRnnn2yHjo"
"Hydra","Reflex Blue","Chem Trails","cratediggers.anon","Playlist","QZES52171283","7fZRrSC6ZIZIyotK29SZnl"
"Waiting - D. Tiffany Remix","Human Movement","Waiting (D. Tiffany Remix)","cratediggers.anon","Playlist","AUNE32000134","1HYQeuE2WjEY8Dwa09iswN"
"6EQUJ5 - Original Mix","Audiojack","Implications","cratediggers.anon","Playlist","GB7NR1718103","5i6oXQ079nFUszXyRZu4uY"
"Apollo","Sound Process","Apollo","cratediggers.anon","Playlist","DEH741648243","6fs1nC2zeGCE9RSRObzAJm"
"Bring It Back","Sosa UK","Bring It Back","cratediggers.anon","Playlist","GBKQU2349096","1EQ2D7HRLZDz2aPSibkACT"
"Ultravision - Original Mix","Seuil","Ultra Vision","cratediggers.anon","Playlist","CH7530900085","2e3D1Ry0UuPvOOnKYKcPAe"
"Blackwater - 128 full strings vocal mix","Octave One","One Black Water (feat. Ann Saunderson) [Full Strings Vocal Mix]","cratediggers.anon","Playlist","USTC70839139","3829oHimRwuUHePcD2Jj7S"
"Jaguar","The Astec Mystic","Submerge Vol.1:Detroit Techno","cratediggers.anon","Playlist","USGUM0810115","648R7nEhGZIpZ0zVHJteRF"
"Vascular Shunt","Swayzak","Himawari (Remixes)","cratediggers.anon","Playlist","UKJR41700053","4nNXRzqxfIuA18T3x5JLm1"
"Reef (Original Mix)","Falko Brocksieper","Frantic Formula","cratediggers.anon","Playlist","DEED11000298","6OtRR0T2FOO456PrfPNZ9M"
"Chociaz Raz","Das Komplex","Driving Blind Vol. 3","cratediggers.anon","Playlist","FR9W12247756","482WocIRb1yBdKDaqYb5Nr"
"Can't Hold It Back","Jovonn","Deeply Rooted Allstar","cratediggers.anon","Playlist","DEBL60943726","45GZH8Us92Xwyy9OvDu6Ga"
"Last Night a D.J. Saved My Life - Smeddles More Ass Mix","Indeep","Last Night a D.J. Saved My Life (Smeddles More Ass Mix)","cratediggers.anon","Playlist","CAU112200419","2xXrexxpF9Q6cVpFSIAj1h"
"Moov - Hot-n-Spycy Mix","Francois K","FK - EP and Beyond","cratediggers.anon","Playlist","USWA19610026","4joYUc0z4Tk1rjaHe2f4dS"
"Post Meridian","Toolate Groove","Atlantic Journey","cratediggers.anon","Playlist","GBKPL2026331","1s1w7DU3EessWm3Y2q3qGW"
"CLK Recovery","Objekt","Objekt EP002","cratediggers.anon","Playlist","GBQLP1100220","115O7VPPJE9HrVEKe1xebx"
"Face In The Crowd - Chris Simmonds Remix","DJ Assassin","The Remixes","cratediggers.anon","Playlist","GB2DH1000006","4UfYZ74HmeL6MyPzR5qCcJ"
"Gotta Keep Dancing","Montego Bay","Dreaming The Future EP","cratediggers.anon","Playlist","QMXZD1100523","3yhszz5A4usM2k527NZ3db"
"Jump Bugs","Syclops","A Blink of a Eye","cratediggers.anon","Playlist","TCABL1343945","6CfOx4MqmPTSa564zOBnee"
"Scattered Knowledge","Grant","Perception","cratediggers.anon","Playlist","UKN6K1904139","35sYy0zhtueTE4CXGUxcs1"
"Arps To Heaven - Ian Pooley Remix","SHOW-B","Arps EP","cratediggers.anon","Playlist","DECY51436372","5JJg3Hfpe1MKXBNqsYw6RA"
"Can't Let You Go - Louie Vega & Josh Milan Truth Dub 1","Loleatta Holloway","Can't Let You Go","cratediggers.anon","Playlist","GBKQU1729490","4JctXZAe0ka4wXii9M7lpE"
"Working Night - Octave One Remix","John Thomas","Blackstage Re-Works","cratediggers.anon","Playlist","FR9V30202605","3QZ5QFl2urRYAG9R9kqeex"
"The Choice - Windy City Extended Club Mix","Chez N Trent","The Choice","cratediggers.anon","Playlist","QMVZM9205101","2HckA0BzaxpK5UUd41EDCU"
"Mars - Original Mix","Jamie Jones","Don't You Remember The Future","cratediggers.anon","Playlist","DEU670901181","09N4jNIjPiXnsr2de9AqAa"
"Sharon","Francesca Lombardo","Horizone EP","cratediggers.anon","Playlist","GBJX32024018","5QnTNJMZU7AbSM1vJO3KW7"
"Bounce In The Sand","Phil Asher","Locked Off","cratediggers.anon","Playlist","GB7GV1837101","6nST6YlfUxIxQSFDaHhsU9"
"New York Style","Mateo & Matos","90's House & Garage compiled by Joey Negro","cratediggers.anon","Playlist","GBPKF1500064","11xpRDD90YVwVPYkf3b31T"
"Blue Dream","D. Tiffany","Blue Dream","cratediggers.anon","Playlist","USYBL1701167","46m21zXX9sEhVhOAXY79jC"
"Box In A Box","Marco Resmann","Box In A Box","cratediggers.anon","Playlist","DEHK32200809","1wKXz2hTFmP7CESZwCbCqR"
"After the Dance","Greg Greene","After the Dance","cratediggers.anon","Playlist","USGZ21766199","1koq9pk4tIYW1sexQPuZDG"
"Raw Cuts - Marcellus Pittman Remix","Danilo Plessow","Raw Cuts Remixes","cratediggers.anon","Playlist","DEZ651343215","5Z5dI9K3wwvaYOyCvqKvbM"
"Cardiology - Isolée Mix","Recloose","Famous When Dead 4","cratediggers.anon","Playlist","DEL220412634","46orkucAmhKg2ywwXPRhXw"
"Free Your Mind - NJ Mix","Fibre Foundation","Free Your Mind","cratediggers.anon","Playlist","FR6V80036839","74alrO65tofLbYqpU7aSlw"
"We Walk to War - Tee Mango Remix","Ron Basejam","The Sound of a Feeling","cratediggers.anon","Playlist","GBZHR1600249","3AgqfniSJ6d9HBqS0YKJJg"
"Miura","Metro Area","Metro Area (15th Anniversary Edition)","cratediggers.anon","Playlist","USENV1721505","7wu4CDoKfHqbaJCNO2qvza"
"Lake Shore Drive","Theo Parrish","Baby Steps EP","cratediggers.anon","Playlist","DEZ651349252","121iCTDOKMbSbfqGocwDeE"
"Here to There","Scan 7","Believe EP","cratediggers.anon","Playlist","QZ5LC1900014","3mLIYcK9NhbwMo1qkdyTGU"
"Jaas Func Haus - Rahaan Remix","Kapote","Remix EP 2","cratediggers.anon","Playlist","DEBY41200433","3bG4Qlx91i7Lp2oJwdkoAK"
"Existentialism","Tifra","Infinite State","cratediggers.anon","Playlist","UKR6V2171500","60gFpRtXSIcmGumjszVp1e"
"New Beginning - Original Mix","Detroit Boogie Assemble","New Beginning EP","cratediggers.anon","Playlist","NLL562009347","7kW8dPg408XggZTjox9CV3"
"Perseverence - Monotix Remix","Miles Sagnia","Perseverence Remixes","cratediggers.anon","Playlist","NLCK41052234","0ayktQBjgxMr0VkXsQlHDF"
"Lost in Music","Gay Marvine","Bath House Etiquette Vol. 1","cratediggers.anon","Playlist","US-328-10-20102","1RkS8iPPQwVSYtMZysvV9j"
"Drifting Back","Genius Of Time","Drifting Back","cratediggers.anon","Playlist","NLL561102916","378T82MpJy6ceHJxV0QWZ2"
"Am Fenster","Max Graef","Am Fenster","cratediggers.anon","Playlist","DKQD91300101","5IOcuwuE4xkMqkS6t0CQbk"
"Can't U See - Jiago's Bumpy Dub","Schmoov!","Robosexual","cratediggers.anon","Playlist","DEZ650517265","19hEAFQgiNs1WOlDuVRAQP"
"Osiris Resurrected - Palms Trax Remix","Photonz","Osiris Resurrected (Palms Trax Remix)","cratediggers.anon","Playlist","UK34N1300063","4SjkGHlGWxzUaPOFfsn8Se"
"Luv Dancin' - In Deep Mix","Underground Solution","Luv Dancin'","cratediggers.anon","Playlist","QMRSZ2001403","1u7qO9C2Ip8PrKyjz8F4R3"
"Heaven (feat. Andreya Triana) - Mousse T.'s Disco Shizzle Extended Remix","The Vision","Heaven (feat. Andreya Triana)","cratediggers.anon","Playlist","GBCPZ1920971","3zTn89r8ZlwKQMU2CGQ7ql"
"DJ Mentality","Fantastic Man","DJ Mentality","cratediggers.anon","Playlist","GBJX31815050","3b1sGliOxXWAZxd0VBZ1W2"
"Teorema","Drama Society","Liars","cratediggers.anon","Playlist","CAT390400077","0Pall7xzEkMKtGGmRsYWjF"
"Just Looking For You","Tommy Vicari Jnr","Your Music 2 EP","cratediggers.anon","Playlist","GBKQU2285254","10RWU9GFlNg1fkT9rkarlJ"
"Get Em","DJ Skull","The Internet Server 211","cratediggers.anon","Playlist","NLAR20929082","1v99T074mOWHXN6mP74IIV"
"Classic Fingers","Boo Williams","The Best of Boo Williams","cratediggers.anon","Playlist","QMFMF2125540","4UEI6t9LeIzQKDhPVWPtQN"
"Parish Fair","Luna City Express","Hello From Planet Earth","cratediggers.anon","Playlist","DEX040900042","0UCdWi7RTgmpVBCayYVXQ5"
"Boomback","Marschmellows","Rebound","cratediggers.anon","Playlist","DEQ920100101","0ztKTqZ7hbXl8YGExbZ1FJ"
"Crate Digger","Dachshund","Chock a Block EP","cratediggers.anon","Playlist","DEW871502596","4wLEF7Onvy1ISKmnd0FfbA"
"I'm Ready","Playin' 4 The City","Night Shades","cratediggers.anon","Playlist","FR59R2105909","7to6wFj09BWktbSn1wWUUQ"
"Mysterious Traveller - Groovy Intent Mix","System 7","Mysterious Traveller","cratediggers.anon","Playlist","GBDPW1100012","1WOVbuxLX0xb90Cc78t5rC"
"Two Blocks From The Spot - Original Mix","DJ Nav","U.S.O.S (Underground Sound Of Swink) VA VOL.2","cratediggers.anon","Playlist","NLCK41403424","1Ht6TL0mkrlXVYNUkX6Dnl"
"Disco Ballin' - Original Mix","Discotron","Disco Ballin'","cratediggers.anon","Playlist","GBRBN1500026","67ldgDEcHvr6y8bifZ6tR6"
"Wonky Bassline Disco Banger","Red Rack'Em","Wonky Bassline Disco Banger","cratediggers.anon","Playlist","GBCPZ1609658","2SMQQX11RBFBnTkkZqrDfd"
"Keep It Real","Loure","Westside Movements","cratediggers.anon","Playlist","FR9Z61700012","4YpCTAZRpNmW1EHLVrq4ur"
"From: Disco To: Disco - Remastered","Whirlpool Productions","From: Disco To: Disco","cratediggers.anon","Playlist","DEUM71717836","3feAr5GHb1yjyhGyS8aoIQ"
"Circuit Journey","Thomas P. Heckmann","Electro Nation - Robots and Electric Toys","cratediggers.anon","Playlist","DEBL61261278","1htuoFyfqoeOYJUyn8BJmc"
"Get Up (Everybody) - Mousse T. Remix","Byron Stingily","Get Up (Everybody)","cratediggers.anon","Playlist","USNRS1330790","1jOMsCWNzmr4exApBZi7Gf"
"Programmed","Tony Thomas","Fatal Charm EP","cratediggers.anon","Playlist","DEDL80800146","6Oh5neWKM5xfWU4CPwc5BT"
"Dance baby oh","Basti Grub","Dance baby oh / Ko sar ra di ep","cratediggers.anon","Playlist","DECY51902245","27hxOtUPvhetUhiHMXCoEQ"
"The Beach - Bonus Track","Miss Kittin","First Album (2009 Reissue)","cratediggers.anon","Playlist","DEGQ20900051","0FCUZdyI2UvVscNAnKHopR"
"A Message For the DJ","Delano Smith","A Message For the DJ","cratediggers.anon","Playlist","USBPD0500012","0fzzGJS1P3ADWE8ZA4vdOU"
"Sandman - Original 12"" Mix","Blue Boy","Sandman","cratediggers.anon","Playlist","NLML69510027","1caNzSrWtZhB2UNvSt5EK0"
"Be Free - Vocal Mix","Jovonn","Goldtones","cratediggers.anon","Playlist","NLL561405418","4pGTLJMY3NwPCkvHQi0Wih"
"Walk a Mile - Cuebur Remix","Cuebur","Walk a Mile","cratediggers.anon","Playlist","USMZX0800215","1wEG36cPJ5vnz6ILsSCohQ"
"Travelling Jazz","Herr Krank","Delighted","cratediggers.anon","Playlist","FR96X2243932","7KFpfuRf1nQ6D60L3bIme6"
"Can't Get Enough! - Vocal Club Mix","Soulsearcher","Can't Get Enough","cratediggers.anon","Playlist","GBCPZ9900001","0qJDy1QsmmnZt343XTzxQd"
"Wild Rhythm - Garrett David Remix","Dub Striker","Happiness Therapy 07: Birds of a Feather","cratediggers.anon","Playlist","FR10S2035171","5DNEgNRsV4psIkzYVBKMtE"
"Inherently Deep","Felipe Gordon","Superimposition","cratediggers.anon","Playlist","FR9Z62100574","0mrJsQ7taO0Jc3oa2hw7L2"
"Elation","Dylan Forbes","Numero Uno","cratediggers.anon","Playlist","DEH742313332","0CkdwEa5BdyTNAVxclZvZz"
"Faith - M&M Mix","Annette Taylor","Faith","cratediggers.anon","Playlist","GBCPZ0501111","51I7EBSC7i0t1VJOpdoqgM"
"Celeste","Anunaku","063","cratediggers.anon","Playlist","DEG932300382","0mnXRwO9ggGDcvDvkPFqip"
"The Game","Inland Knights","Rough Diamond EP","cratediggers.anon","Playlist","GBJVT0500156","2TMhsJa7nqWDYrA3hgDvDF"
"Black Market - Barac Remix","Nicolas Duvoisin","Black Ocean (Remix)","cratediggers.anon","Playlist","CH9802102903","1nPwSukTrDODGb36bdOWo5"
"Road 909","Heuphrasia","Habemus Paname, Vol. 3","cratediggers.anon","Playlist","FRX281705720","5Z1jmPOxQXcLnAfm0eIars"
"My Beat - Derrick Carter's Disco Circus Mix","Blaze","My Beat","cratediggers.anon","Playlist","USTB11800758","5NtbCYEkNZhQuG8HhpOYwt"
"The Fundamental Mind","Dan Curtin","The Lush Network","cratediggers.anon","Playlist","NLBA31000215","0WcqRO2E773XyXHQ9sKNJA"
"Satellite","Muggi Dane","Small Talk Series, Vol. 11","cratediggers.anon","Playlist","USQY51789233","6ocieTuZdhKO9lkJzNeTZm"
"Lemon Dub","Monika Ross","Date","cratediggers.anon","Playlist","NLCK41048538","6nGjpAJS29gdBKycKDgEdr"
"I Was On My Way To Hell","Guillaume & The Coutu Dumonts","I Was On My Way To Hell","cratediggers.anon","Playlist","FR6V80812523","3qaIFVuclVOY2vscDYo1vG"
"Call It Techno","Frankie Bones","Call It Techno EP","cratediggers.anon","Playlist","QM7281763311","3SQrFDicJsWXHyP8NzPTsZ"
"Relax Your Body - Remastered","DFX","Relax Your Body (Remastered)","cratediggers.anon","Playlist","ITC891600006","3l4r3mBmmDp2vQCwBjOwzY"
"Vortex","Rex The Dog","Vortex","cratediggers.anon","Playlist","DEU671900066","1BErI30goByAqdpvzdZ5BA"
"Instrumental Need","Ralphi Rosario","Greatest Hits","cratediggers.anon","Playlist","GBBLG9200145","3VULaVGeV5oeKQsEHhKnDi"
"Play His Game - Adam Shelton Remix","Gwen Maze","Play His Game","cratediggers.anon","Playlist","FR9W11305605","0HbCU3GJjP3bSpCvlPMuYm"
"The Loft","Riva Starr","Definition Of Sound","cratediggers.anon","Playlist","USCEI1138908","3Ico2q6QrpSAXKuDuChlqJ"
"Promised Land - Floorplan Extended Paradise Remix","Joe Smooth","Promised Land (Floorplan Paradise Remix)","cratediggers.anon","Playlist","NLF712204709","2uZzgoNxvRXEzaE2ORQV0V"
"Drop the Pressure - Club Mix","Mylo","Drop the Pressure","cratediggers.anon","Playlist","GBHFF0300011","4dmDrGySyxYklBQVkG66LB"
"Transient","Mr. G","50/50 EP","cratediggers.anon","Playlist","FRPGF1600090","4OdyI2KYWKbaS0WBOX6beN"
"Dream State","Cajmere","Only 4 U: The Sound Of Cajmere & Cajual Records 1992-2012","cratediggers.anon","Playlist","DEG931290578","7nTKnEMT0EYFJyl4S4WQA8"
"Malima","BICEP","The First Annual Fundraiser - War Child","cratediggers.anon","Playlist","NLL561506286","4kkI1fGaUfH0W9pKceKxgi"
"Funky Rhythm","DJ Sneak","Phil Weeks Presents Underground Chronicles, Vol.3","cratediggers.anon","Playlist","FR48Z1100065","3Dyo5qECWiiglZNBVHnh8K"
"What Does it Feel Like - Royksopp Return To The Sun Remix","Felix Da Housecat","The Glitz Part Deux Remix Edition","cratediggers.anon","Playlist","GBJX32716049","2tOesqy3dQL8N4tqSaO79z"
"Midnight District Line","Kassian","Midnight District Line","cratediggers.anon","Playlist","GBKQU2017824","7FZmnBUCfKOf1nHt1xdBvd"
"Late Night Kyiv","Yan Cook","Collateral Damage","cratediggers.anon","Playlist","NLM792300208","6mq6Dv0HxL3qM1pc0uCx0c"
"Change - Mike Huckaby Remix","Norm Talley","Detroit Beatdown Remixes 1: 1","cratediggers.anon","Playlist","GBGXG0500069","2U4YIbj1pXgVH2Rlg5zKyZ"
"Sleaze Walking - Kenny's Mise a Jour","Kenny Hawkes","Faze #51: Technasia","cratediggers.anon","Playlist","FR43R0400340","69evQQbtU0NlFNuGHZdnMX"
"Peculiar Governor","mtps","Peculiar Governor","cratediggers.anon","Playlist","QZK6K2164231","4Oa2mrLf2ZQ2I3e8TSXHVB"
"Song For Mr. Lewis","Austin Ato","Song for Mr. Lewis EP","cratediggers.anon","Playlist","GB2DZ1700051","00uuPIIvO2gK1hmXHzbaaO"
"Fun - Basement Jaxx's Mongoloid Dub","Da Mob","Fun","cratediggers.anon","Playlist","USSU29800012","4ARODmak4Sd2q0lSMFXNpb"
"Philly","DJ T.","Philly","cratediggers.anon","Playlist","DEBE70500012","1yjHf4kssDAt3AsJVzIx1w"
"What´S New","St Germain","Boulevard (The Complete Series)","cratediggers.anon","Playlist","FRV229500003","2sM2I3eZpanOUznJq1QKwz"
"Do You Ever Miss Me?","Felipe Gordon","My Legs Are Numb","cratediggers.anon","Playlist","UKN6K2400384","3m6PU0vFrIuJOQiEnqCzvE"
"Immer Dreaming","Days Drive By","Let's Do This - Immer Dreaming","cratediggers.anon","Playlist","DEZ650517273","2SzpiiAWjPBkZ3oARFejvP"
"Catwalk","AG Swifty","Catwalk EP","cratediggers.anon","Playlist","GBKQU2290598","5C8HzgmqoyyATYTKnlzUAF"
"Mirage","Steel Vybe","Large Classics 1","cratediggers.anon","Playlist","US2251211002","1NnMiUKYzQJVUEPjOgiXnI"
"What Is House? - Long Version","Loosefingers","What Is House?","cratediggers.anon","Playlist","US4G90500312","3BicAI4NrQfT2aT5lUNV27"
"You Don't Know (feat. Tim Fuller) - Ruff Cut","DJ Ali","You Don't Know (feat. Tim Fuller)","cratediggers.anon","Playlist","GBCPZ1004692","12QpuKZYdLN3T00G1LiiKI"
"Simon's Come-Unity Mix","Dj Garth, Eti","20 Minutes of Disco Glory (Mirror Boys Rmx / '98 Simon Mix)","cratediggers.anon","Playlist","USI4R0506025","6Mtyzui661dvpyb0Kqgp70"
"Kev's Sikrit","Jon Silva","I‘ve had enough","cratediggers.anon","Playlist","DEE829916080","5u3SW1OSOxhuuODe2GgB2Q"
"Voyager","John Tejada","Voyager","cratediggers.anon","Playlist","US3D30503801","3yh1uXCyflZxG1g9lR8Oau"
"Nervous Acid","Bobby Konders","A Lost Era in NYC 1987 - 1992","cratediggers.anon","Playlist","DEN400209302","60nOSJvQcCm11cj6bWX561"
"Spring Dom","BRS","Spring Dom","cratediggers.anon","Playlist","GB2SA1200221","1UqJyjVa4nGVLwMlTh3UET"
"Peace of Mind (Electrosoul)","Claro Intelecto","Peace of Mind","cratediggers.anon","Playlist","NLM791400001","1VwVBoAHTtKYAqv4Qw1sWN"
"Shades of Jae","Moodymann","Black Mahogani","cratediggers.anon","Playlist","usdy41611449","2jzdxxtPk8hI5AlVJMI1dh"
"Planet S","Nick Holder","No Sell out EP","cratediggers.anon","Playlist","USGZ21765498","0LfoKe6zMsaIiZ35v0TFgt"
"Inspiration & Light","Universal Principles","Soma Records 20 Years (Silicone Soul DJ Mix)","cratediggers.anon","Playlist","GBBVL9800681","5zM9bNekbcZV5ASH6ph3lf"
"Where Am I - Original Mix","David Duriez","Where Am I?/Decent","cratediggers.anon","Playlist","US4LK0401571","6LJEwkZ97ABYEcOPX5VhAp"
"Work Ya Ass (Manao & Elektor Remix)","Truncate","Work Ya Ass","cratediggers.anon","Playlist","USA2P2251675","0R6JrZ0B9rfL0fkoOaNodZ"
"Pacific State","808 State","ESP: The 808 State Effect","cratediggers.anon","Playlist","GBAHW1100023","2h7w0KHwHbx4WbG6WxjO7U"
"Pale Godess - Original Mix","Hd Substance","Horizonte de Sucesos EP","cratediggers.anon","Playlist","QMSL31600018","3wL3MYBkjIoha0aMNsmGd6"
"The Underground - Dark Swing Mix","St. David","The Underground (Dark Swing Mix)","cratediggers.anon","Playlist","QZTB42238204","29NaTqUB1aHsKBvKIpgddi"
"Silent Answer","K-Hand","Silent Answer","cratediggers.anon","Playlist","US3L62100100","1AcmqZbLL9oMpt9WMOxFen"
"Yog - Ray Okpara Remix","Chris Carrier","Adult Only Records 41","cratediggers.anon","Playlist","FR9X11300068","36CXW2y7qh64EDUnSq4gQq"
"Over You","Orlando Voorn","Bad Manners 5","cratediggers.anon","Playlist","DEMM42001197","1GFHiatz88GTOd6tG1530X"
"Be Brave, Clench Fists","Leon Vynehall","Music For The Uninvited","cratediggers.anon","Playlist","NLEF81400003","21LyMYrk6aJTCskpQ5Vd77"
"Summertime - Marcho Wolkenlos Remix","Wighnomy Brothers","Summertime","cratediggers.anon","Playlist","DEDU60000001","5jeQFmo3l5B0sfhPh39Nkp"
"Awareness - Kerri Chandler Vocal Mix","Ananda Project","Awareness","cratediggers.anon","Playlist","USA671100046","5Zi77Gcc0VVbPwe9p5fntT"
"Forever Monna","Chez Damier","Movement: Torino Music Festival (Off Series) [Issue I]","cratediggers.anon","Playlist","NOAPI1215108","03Z9FKjsOaDy6DpgLhBB2E"
"Beyond The Creek - Original Mix","Losoul","Beyond The Creek","cratediggers.anon","Playlist","DEY470925706","3LKoDjOwJKj2yhB8fOOqH5"
"Afraid To Feel","LF SYSTEM","Afraid To Feel","cratediggers.anon","Playlist","GBAHT2200492","40SBS57su9xLiE1WqkXOVr"
"Kinda Kickin - DJ Boom","Herbert","Early Herbert","cratediggers.anon","Playlist","GBDJX1200042","6HqBGZVnw0YxfjGJsb5gYp"
"Addictive","Borrowed Identity","XXX","cratediggers.anon","Playlist","FR2T01500025","2Zc3c48fZHwbokSGpRThwX"
"Listen","Fred Everything","Stop and Listen EP","cratediggers.anon","Playlist","GBDLP0600343","528r7BmhLlxpuhIJMyQjVy"
"Crossing Roads","D'julz","Dragon Dub","cratediggers.anon","Playlist","FRV609900004","0Jlim7402I8OazLuaVKKqi"
"Bang For Your Buck","Steffi","Power Of Anonymity","cratediggers.anon","Playlist","DELG71400641","16MClxQ0ZzdS3txj3z6M0p"
"Feels So Good","Scott Grooves","Pieces of a Dream","cratediggers.anon","Playlist","GBBVL9800107","3m4q4H4fDxXBOMLTSKTnq0"
"Estasi","Carlo","Estasi","cratediggers.anon","Playlist","DEH742038674","4gLP9a3MbcbRCuAjRYj2iW"
"Moonlock","David Mayer","Muna Musik 005","cratediggers.anon","Playlist","DEDU61700008","4y3XBrrwLgF35HIXtdEw6a"
"Disco Noche","Sano","Chupa","cratediggers.anon","Playlist","DEU671202037","0zgElI27UIJkZnbAbLC1Q9"
"I'm Not from Chicago - Infected gAs Remix","Catalepsia","I'm Not From Chicago EP","cratediggers.anon","Playlist","DEH740903175","63wvPGauZO2YxjZgYSZiCe"
"The Climax","Paperclip People","The Secret Tapes Of Dr. Eich","cratediggers.anon","Playlist","USPC80601059","5z1pQto0VGnOM4DcemRezA"
"U Won't C Me","Mystic Bill","U Won't C Me EP","cratediggers.anon","Playlist","GBCPZ1509082","18XQ8eo6c4RJyuEBAg6Ru9"
"After Work","Iban Montoro","After Work (Incl. Hideto Omura Remix)","cratediggers.anon","Playlist","GBLV61700926","4myppO3eJ1k2EWQalNtsRe"
"Take Control - (Josh's Mix)","Josh and Luke","Josh and Luke Present the New Cpu Experience","cratediggers.anon","Playlist","USI4R0604070","0eVdSfqkhTeCyDAFsF0jUG"
"Are You There?","Natural Rhythm","The Jammin' EP","cratediggers.anon","Playlist","USA2P0401238","165DUFjlMFjqHgIPIW8biQ"
"Cruise - Original","DP-6","Cruise","cratediggers.anon","Playlist","UAKPO0600007","13TDNZEuJjtIaJAbo3ae7e"
"Feels so Good","Fresh & Low","Fresh Juice","cratediggers.anon","Playlist","USAQN0716602","4HSdEmdAbITKVyoC5Cj8H9"
"Upper Alley","Danilo Plessow","Upper Alley","cratediggers.anon","Playlist","DEZ651104544","3XF0tlDxmnPTxELAm7L5JT"
"Sieste Avec Vue","Libelluleur","Decollage Imminent","cratediggers.anon","Playlist","GBLLT2344476","7hubsQ3J7eHTjBIQtxJpFE"
"Momma's Groove - Jimpster's Hip Replacement Mix","Osunlade","Momma's Groove","cratediggers.anon","Playlist","GBDVG0865302","6HjdHMNIFf6OLGE14LfqWW"
"Jazz Carnival - Space Jazz Mix - Global Communication Remix","Azymuth","Jazz Carnival (Space Jazz Mix - Global Communication Remix)","cratediggers.anon","Playlist","GBDCR1900073","4d3cteTwjREyd0MGf1nkUW"
"Human Patterns - Roman Flügel Remix","Beanfield","25 Compost Records - Overture 1","cratediggers.anon","Playlist","DEM091800152","0nuDExz58cE4hhRxD6s6nZ"
"I Hadn't Known (I Only Heard)","Herbert","I Hadn't Known (I Only Heard) / So Now...","cratediggers.anon","Playlist","GBDJX1200098","6vMOUqXb7HplNdIgk9ItPM"
"Mermaids - Original Version","Maxie König","Riptide EP","cratediggers.anon","Playlist","DEKB72050604","5wqNTpfB3KCc5Rw2IWrEGv"
"Riders","Ricky Sinz","Riders","cratediggers.anon","Playlist","USLZJ1831143","3Ajk1ZYQ6hNTv6paU7TTE3"
"Backstabber","Nachtbraker","Backstabber EP","cratediggers.anon","Playlist","DEBQ71500061","0ZGTzeO2ZmFq0OEVcxMhgk"
"Love Your Body","Hidden Spheres","You Are Not Your Body","cratediggers.anon","Playlist","DEG932102175","0GjmbMS3AmxRaWYPX2Pcu1"
"Infa Red Spectrum","Dark Energy","Collided Energy","cratediggers.anon","Playlist","USGUM0710482","7yQd8KWFuISudy4x8uB4Iw"
"Movement of Venus","Solid Gold Playaz","Le Soul Afrique","cratediggers.anon","Playlist","DER720400043","3uvIUIL8iSmotsuFFIkepQ"
"Feels Good","DJ Sneak","Polyester (The Complete Story)","cratediggers.anon","Playlist","USRK31200114","6BELAYggnZYPkzzmveF4FD"
"Good Time","Johnick","Brooklyn","cratediggers.anon","Playlist","USRK31300131","18Jgy2QuHjDK6utwOa8xO8"
"Release The Rhythm","Mateo & Matos","Release The Rhythm / Happy Feelin'","cratediggers.anon","Playlist","GBDDB9712018","6AVqd6ULiCGQAyYOQpj5ST"
"Untitled","Le Smoove","Ghetto Swing EP","cratediggers.anon","Playlist","GBKQU1825176","77xQFpcAhCiwzafI2Kb8Sh"
"Think About It","Da Sunlounge","Da Sunlounge & Office Gossip","cratediggers.anon","Playlist","GBXWD0810039","0tqumgk2DaRlPGAfYP7MhN"
"More CPU Please - Original Mix","Robert Drewek","Minimize The Maximum EP","cratediggers.anon","Playlist","DEK602312478","2PEm2ObidmHi9XW8K3N6zY"
"Illusory Fog - Kooscha Remix","Upwellings","Illusory Fog","cratediggers.anon","Playlist","CH6541972486","5HK7eLX4Gv8h1yCAfQuXdf"
"Our Gang","The Rurals","Re-Boot EP","cratediggers.anon","Playlist","DEZ650709217","0WiKuwoGY1HTvfq5ANQJ2C"
"Ribosomal - One Take mix","Tata Box Inhibitors","Insane/Ribosomal","cratediggers.anon","Playlist","DEKB72084654","4VmIVCDEOhqcKJfiSjTXNm"
"Are You House - Drum Vocal","Basil","Are You House","cratediggers.anon","Playlist","NLM971500069","25rdasKwOjqvdVDVGZG05L"
"Cola Beach","Youandewan","Cola Beach / Dolphin Splash Keyboards","cratediggers.anon","Playlist","DEG932003919","6dfQj305IkidvbNDMz63xr"
"Koko","Jitterbug","Workers EP","cratediggers.anon","Playlist","GBVK10000132","1n8wuJ6ATcGGYR7jAPwEO5"
"Dachkammer","Andy Hart","Mistress in Your Mind","cratediggers.anon","Playlist","UKACT1714116","6nX4qzowZQiEQLx4pil9ac"
"Tears & Fears - Heartthrob Remix","The Jaydes","Tears & Fears","cratediggers.anon","Playlist","GB7EJ1400567","7pbKvK9gQCRoMRUA8qrF71"
"Brooklyn Sub - Soulflower Mix","Matthias Heilbronn","Brooklyn Sub","cratediggers.anon","Playlist","GBHSF0800043","0m8DIpkAXymzEZQk3AgFxk"
"Everyday","RS","The Groove Brothers","cratediggers.anon","Playlist","GBWUL1827872","1tRN6P3sNa7U7P215KZTYe"
"Spanish Fly","PJ","House Music Culture - The Classic Stickmen Years","cratediggers.anon","Playlist","USHJ10411441","0em2wRs8HydKXPUyopiSqn"
"Tripping on Music - Rab Dub Mix","Mixmaster","Tripping on Music (House Classics)","cratediggers.anon","Playlist","USS171700003","64ZxEjvgpYV0wjy95m3ncN"
"Submit Yourself","Dustin Zahn","Modern Penetration","cratediggers.anon","Playlist","NLCK41053821","0mtlgwreaY35hZnWCc1p3t"
"Give Me Luv","Alcatraz","Give Me Luv","cratediggers.anon","Playlist","GBKQU1774627","5gCgnpw3gyPhrpYF5JW8GK"
"We make Beats","Aux 88","AUX 88","cratediggers.anon","Playlist","USGUM0610152","4W9oLMQREoj9umKjNDQnRR"
"Sumo Acid Crew","Palms Trax","In Gold","cratediggers.anon","Playlist","NLTH61500010","1AFkWwrrMMdeOocF4yB9rd"
"If We Stop","AND.ID","Totally Mobilee - And.Id Collection, Vol. 1","cratediggers.anon","Playlist","DECL11200508","3MO8NvptEnrYWNe3sSaHfc"
"Congo Natty - Dubplate Version","Vibronics","Lead With The Bass III","cratediggers.anon","Playlist","GBKWT0500467","71F1Nbw5vxmasHlZrVPS7F"
"Get Hi - Studio 54 Mix","Roger S","Livin' 4 the Underground","cratediggers.anon","Playlist","USSR39500903","5ee7qJqINwcfjS2rdif4v9"
"Take Care","Loop Exposure","Elastic Harmony EP","cratediggers.anon","Playlist","GBKQU2203046","1Do72IZ78Z2zciwE2y5BRQ"
"Stay up Dancing, Get in Monday - 2000 and One & Lauhaus remix","Darius Syrossian","Stay up Dancing, Get in Monday","cratediggers.anon","Playlist","NLR341050028","2EtUJmkUrbqo1L1ZF4ErPw"
"Monday Blues - Original","Joshua Heath","Monday Blues EP","cratediggers.anon","Playlist","USAH90910228","4DYkFLkIImAWEHH3yNmjiJ"
"Let's Roll - Original Mix","Lo Shea","Let's Roll","cratediggers.anon","Playlist","GBLTF1700041","2ZyBBHs2Ov758aZR2YxOQz"
"Finally (feat. Julie McKnight) - Extended Mix","Kings Of Tomorrow","Finally","cratediggers.anon","Playlist","GBCPZ0100363","3tHxSHgsAHP2I7wz2I9ojA"
"This is Afrofuturism - Original Mix","Alan Becker","Learning Machines","cratediggers.anon","Playlist","CA5KR2167000","18jnGs28p3MCJ5MMITcGiH"
"Croarr","Dimas & Martinez","Something About.... 2002","cratediggers.anon","Playlist","ESA031305607","6xkTFIgEgPebHGDlYmUvqM"
"Breaking - Roberto Rodriguez Remix","Kyodai","Breaking (Remixes)","cratediggers.anon","Playlist","DEZ651322958","44XOzyGBVqU35XTZuKTnAb"
"New York City Woman","The Sunburst Band","Here Comes The Sunburst Band","cratediggers.anon","Playlist","GBPKF0600164","0ZBUJZBPf9LZslyzENXkU5"
"Killerteppich","Robag Wruhme","Poly-tikk - EP","cratediggers.anon","Playlist","DEDU60350010","1axsifvbXave3IsyfAUFCk"
"Strut","Metro Area","Metro Area (15th Anniversary Edition)","cratediggers.anon","Playlist","USENV1721511","3j3PM2IlTQ6Uf4EHkcu7me"
"Mouth - Brad Peep's Remix For Friends","IZ","Mouth","cratediggers.anon","Playlist","GBCPZ1004517","4ZBUttBZv8ziEKw9AJuLfW"
"Stumpa Stumpa","House Master","Club Re-Mix Hits Vol. 2","cratediggers.anon","Playlist","ZAA169800329","3GRYnY9jqqrZR9kNC0Lfny"
"Heartbeat","Novatek","Connected","cratediggers.anon","Playlist","DEBL60729382","5GqyAe52LNVzco0zZ6FuBQ"
"Do Not Forget to See Alice","Julian Perez","Fas007.1","cratediggers.anon","Playlist","QZK6P1910178","7MgvdciMxCJedEoC9TunD3"
"Fish & Chips","Hardfloor","Mr.Anderson / Fish & Chips","cratediggers.anon","Playlist","DEP999400014","0BHeR4vJmud0nPpN5iW7gX"
"Jive","Natural Rhythm","Vinyl Classics One","cratediggers.anon","Playlist","DEY470930506","5AoeIZwqWaH7L09cCqATR4"
"Oppi Ura","Bjørn Torske","Trøbbel","cratediggers.anon","Playlist","NOSTS1520080","7hYHcwPGM514JnSDXAocZX"
"Kaimanawa","Cavalier","A Million Horses EP 1","cratediggers.anon","Playlist","DEM091100078","2WXh1CcVvBGtdo3KM8KfPG"
"Slip","Jump Source","JS01","cratediggers.anon","Playlist","CAGTW1900009","2PUzkCfHbEqLgnTgWugPjC"
"Blue - Mix A","Circulation","Blue","cratediggers.anon","Playlist","GBPUP0728004","5GvjFlFgAfrY8qIBQCtFed"
"Can't Turn Me Away","Giano","Lap Dance EP","cratediggers.anon","Playlist","USLZJ1746825","7Jy420ziLecAKKN3rRwtPv"
"I Think Of You - Revisited","Rednail Kidz +1","Classic Through The Eyes Of: Honey Dijon","cratediggers.anon","Playlist","GBCPZ1104955","3Ekyv2bjbTNgYkA7ej9Zxf"
"Sweep Along with One","AKA Electric","Cabinet 17","cratediggers.anon","Playlist","DEZ650715371","21cPkNNqJuqpRaacvSsU6e"
"I Know","The Shake Up Connection","Live at the Basement","cratediggers.anon","Playlist","NLM651600032","6ESJUo9JjxFpJ6svmICEZR"
"Chant For Freedom - Highpass Club Mix","Reason","Chant For Freedom","cratediggers.anon","Playlist","ITC330300035","4wVkstLTyItaWxFZlDfPmW"
"My Funny Valentine - Francois K's Trippy Dub","Big Muff","My Funny Valentine","cratediggers.anon","Playlist","USA2P0720035","2dxmP3FWtS8C3X8YAjfEtW"
"La Novia","Spettro","Secret Gems From The Vault (Remastered)","cratediggers.anon","Playlist","FR43R0200191","4X9MhRVIX6QwiO4foPnPbQ"
"Burning Detroit","Ernie","Black Noise","cratediggers.anon","Playlist","NLCK41051703","4MPxkvNPxeFiOqmjTkxVSy"
"Recago","XDB","Recago EP","cratediggers.anon","Playlist","NLBA31000039","40nY845KAWnCuchOJMUIWL"
"Good for the Soul","DJ Jes","Good for the Soul","cratediggers.anon","Playlist","QMV8X1200037","4afKtRQwoeyNPh12XrqA0Q"
"Freak the Night","Ellen Allien","Freak","cratediggers.anon","Playlist","DEAE61400113","07xymNK0RIQHPEZqHQkyCY"
"Next Saturday - Club Mix","Steve Murphy","Watching Birds","cratediggers.anon","Playlist","UKLAM1800040","4ERDUmLthUvPHGwxq9fUNj"
"Sub Tropical","Norm De Plume","Sub Tropical","cratediggers.anon","Playlist","UKACT1718166","5ZEW00pNBC5RfxCXulYX3I"
"Beat Treats - CD Edit","Marvin Dash","Model Turned Programmer","cratediggers.anon","Playlist","DEX042200026","4J8z5piUkac7Nabg3kx2cf"
"Spy","Harold Heath","Midnight Sunshine / Spy","cratediggers.anon","Playlist","GBPUP0511002","6NwsM6JvsXFTiBKBoPIMa0"
"Killer Picture - Original Mix","New Phunk Theory","Just A Phase","cratediggers.anon","Playlist","GBEYE9700040","2osDCudHvXITLk2pRUfmZj"
"Mo Underground People","Bob Sinclar","Paradise","cratediggers.anon","Playlist","FR6V89802993","77GBDfxzLVJDHkhKQ9ru98"
"Need a Job","Trus'me","In the Red","cratediggers.anon","Playlist","GBNRM0900151","4mPzKTZiWgoZLtO2JGskYw"
"Part Five","A Drummer From Detroit","Drums #2","cratediggers.anon","Playlist","QMHXP1300054","3gybKpmNJeVYYek9cjZoSj"
"Do It","Satoshi Tomiie","To Ray","cratediggers.anon","Playlist","FR59R2068993","3eTKUzrF5A21mpKMlaR070"
"Nirvana","Hardrock Striker","Technical Ecstacy EP","cratediggers.anon","Playlist","FR6V80907502","2Rx5LptVyOzVwbAExbw9vT"
"I Wana See Your Body Move","Roy Davis Jr.","Soul Electrica","cratediggers.anon","Playlist","GBEWK9900004","1sKf4CI2KV4EtgtDJHYk7U"
"Water Walker","Drexciya","Journey of the Deep Sea Dweller IV","cratediggers.anon","Playlist","NLL561304930","4DGEKJlGKqGTP2njETIOtA"
"Function","Mood II Swing","Lost Deep House Trax - Volume 3","cratediggers.anon","Playlist","USJ3V1168238","596afy6bMIwh5BhJjQHKuR"
"Crown Jewel","Sepehr","Crown Jewel EP","cratediggers.anon","Playlist","DEU672002696","1XBqPxcnZgbyyUQgRwkF4m"
"Playaz 4 U","Solid Gold Playaz","Alone (My Life Underground)","cratediggers.anon","Playlist","GBSMU8758273","4pwMVNiuH7s79MZlR7ftLz"
"Fish In The Tank","Harrison BDP","Life Unlimited","cratediggers.anon","Playlist","GB2DZ1800052","3dJQqZ0MWjBgzhKSG1GLKd"
"Secret Garden","Joss Moog","Secret Garden EP","cratediggers.anon","Playlist","NLHR21400610","5HlvRV2S0PNzGz75EcDIlx"
"Must Be Brooklynn","Wolf + Lamb","Brooklynn","cratediggers.anon","Playlist","DECY50919033","6bLK4BumNlhsNtLzEgmw4R"
"dark us - Inland Knights","Inland Knights","Creative Spaces","cratediggers.anon","Playlist","GBJVT0500221","3nSPud73acM7ojytt9e3lA"
"Man Made Machine - Black Asteroid Remix","MOTOR","Man Made Machine","cratediggers.anon","Playlist","DEOO51100029","2kDNDGJ3YG438gKKEEW2p4"
"Desert Races","Planetary Assault Systems","Deep Heet Vol. 4","cratediggers.anon","Playlist","BEN581700348","06fru2HSlNlVwTeL9kzat0"
"Instant Replay","Chateau Flight","Puzzle","cratediggers.anon","Playlist","FR6V80009349","2n2P9YTFR0GTKdJAoD4z11"
"Hologram","Addi Stefansson","Celestial Depths","cratediggers.anon","Playlist","ISV442318702","4CNI5u4qmJ5zjH3oRsEkqB"
"Friday They Dance","Herbert","100lbs (2013 Special Edition)","cratediggers.anon","Playlist","GBDJX1200069","6OzZPjVISWtQeQJjflEayp"
"Chicago","East Coast Love Affair","Chicago","cratediggers.anon","Playlist","GBRH31200928","2sJLAv6morhsfspLyV6XeS"
"Keep Running","Swirl People","Keep Running","cratediggers.anon","Playlist","BEN580200010","10NTUcr0E3N7taTAowA93V"
"Atonement","Huxley","Out Of The Box EP","cratediggers.anon","Playlist","GBEWY1200025","4TjZmfWhI34cXrIi3DxGA1"
"Physical Value System","David Last","15 Years of the Bunker","cratediggers.anon","Playlist","DEZ651719672","1kPMdaDGRSk2Rm7qvDcIVk"
"The WHIP - Cody Currie Remix","Christian James","Live On DuPont","cratediggers.anon","Playlist","GBKQU1943629","1eWWMVGCeF8hQeGocdJZ6A"
"Warm","Mark August","(Song To) The Machine That Built The Sun / Warm","cratediggers.anon","Playlist","BEN580600139","2c6QCeAyH6IPGmuSIYSnuv"
"The Surf Way","point G","The Surf Way","cratediggers.anon","Playlist","FR23N1500066","5EnRgniWRCvTP2d6OhlKBq"
"Earl Montana","Jamie 3:26","Love Bomb","cratediggers.anon","Playlist","UKU932380390","7LQljpknL37lW8ki3l5Ny2"
"When I Think About","Nicholas","When I Think About","cratediggers.anon","Playlist","DEDL81101163","0kHJZo3hpUnWqS5EepuF9c"
"Phaze-Shift","Forest Drive West","Apparitions","cratediggers.anon","Playlist","GBRYX1800227","3GHhjniNOF0gDQs8zAz6FV"
"Smoky Night","Didier Sinclair","Groove 2 Me","cratediggers.anon","Playlist","FRV609900010","4Naz9uf1t55WuSyvmB6RiQ"
"Lovin Me - Dubtribe Sound System Remix","BRS","Lovin Me","cratediggers.anon","Playlist","UKACT1716090","2phC69dOCL9Izd0Q5KQqH3"
"Off the Wall - Original Mix","Danny Armstrong","Backroom Jukebox - 6 Years of 1980 Recordings (Part 01 (2007-09) - Compiled By Dan Mckie)","cratediggers.anon","Playlist","GBZDL0800397","2Ohqm7mLuy00A7WQw4KRZA"
"Camels - Original","Santos","Camels","cratediggers.anon","Playlist","IT00G0021021","65q0mLl9b8iwk95FoCt4y7"
"Kokomo","Sci-Fi Select","Mephisto: San Francisco Plasmafunk","cratediggers.anon","Playlist","USOM80302111","4GieeYFvqHfdn8F0MgsASF"
"Gonna Roc U All Nite - Original Mix","Disco Revisited","The Crab Legs","cratediggers.anon","Playlist","DEK601784029","0AiLzanBxLyvhsAedaVQip"
"I Never - Petr Serkin Remix","Paso","Cœur d'artichaut","cratediggers.anon","Playlist","FR96X1507181","5cxW0YCQHWWoZKupt3uJ30"
"Same Like Dope But Different - Extended Mix","Butch","Same Like Dope But Different","cratediggers.anon","Playlist","GBJAJ2200944","2FFupXCUV1Q0Lx8Y927ypc"
"Boogie Bus","Bush Funk","Tales from the Bush EP","cratediggers.anon","Playlist","GBBVL9600432","1JrDevvgiZwqMolxxPxZUG"
"Rainmaker","Soundstream","Live Goes On","cratediggers.anon","Playlist","DEMM41301149","7CbHYzvqHPvKCkw4mCVacF"
"Merengue","Samuel L Session","Day N' Night","cratediggers.anon","Playlist","DEH742307579","7xnLJraziLLMmOLcHFF4aB"
"Feel My M.F. Bass","Paul Johnson","Hardcore Traxx: Dance Mania Records 1986-1995","cratediggers.anon","Playlist","DEG931490911","35MD7T3AiEI6c3v4UDIALh"
"Modo","Johnny Fiasco","Neurotic Elevations EP","cratediggers.anon","Playlist","GBDDX0000008","76zpIULGJqFguZa1DnAuth"
"India In Me","Cobblestone Jazz","23 Seconds","cratediggers.anon","Playlist","DEG930700689","5hQVgEzreQ9h3eKmPgZ8IK"
"Whatchusay - Demo Mix","Nature Boy","Nature Boy Anthology Pt. 4","cratediggers.anon","Playlist","NLM651700042","5MeG0f4ER8vdfHqYZ0jJp3"
"Rain - Dense & Pika Remix","Kerri Chandler","Rain (Dense & Pika Remix)","cratediggers.anon","Playlist","USNRS1836524","5rww9CliM7EZdsE9edKJfT"
"We are the Future - Original Mix","Gemini","Swimmin wit Sharks","cratediggers.anon","Playlist","DEK601404024","0JAtNzKRASEVMIdrx0psAv"
"Naturally Mine","Pete Moss","Erotic Moments in House 02","cratediggers.anon","Playlist","DEL020280043","4wNxHhWsB2R3FYGq5Fjqoe"
"Vanguard - Original Mix","Rick Wade","The Perfect Pimp","cratediggers.anon","Playlist","DEY470937161","2vOpxgNTxhzvPAf9UMEmrH"
"I Am A Strange Machine Sometimes","VoX LoW","Correspondant Compilation 04","cratediggers.anon","Playlist","DEU671601862","6Pbrx33OLazeRk6PbRict0"
"Rollin' & Slicin'","Suburb Beat","On Ur Mark","cratediggers.anon","Playlist","DEH742422475","5K0GWHLz5wK2br6wPX8ZDB"
"Night Shift - Original Mix","Anton Kubikov","Split 1.0","cratediggers.anon","Playlist","DEK602310021","48szvVQ90q0cSlVtKWS7fk"
"Jus' Dance","Tree Threes","Deep Roots, Vol. 2","cratediggers.anon","Playlist","BGA472301538","4hVpUW3XnCEufrBRBnqcBB"
"Mística","Tierra De Ovnis","Muy Duro, Vol. 11","cratediggers.anon","Playlist","QZZEB2332622","08WMklZ9iY571n4VfelQIf"
"Snake","Cristian Vogel","Bodymapping (25th Anniversary Edition)","cratediggers.anon","Playlist","DKS702100804","3oJMyTQzQfmYLCexsWRmo0"
"Five Star","Joe Montana","The Liquid E.P.","cratediggers.anon","Playlist","USGZ20817832","7r6K2UOipUycO1eYCQrvLz"
"Soul Clap 2000","Recloose","Spelunking","cratediggers.anon","Playlist","QMB621800301","6sawCsTJ4XD9eSsy9XO9Cf"
"So Much Love to Give","Eris Drew","Fluids of Emotion","cratediggers.anon","Playlist","US3282004403","5KtPOErnhZwiHRPCSl5cAB"
"Lets Make A Record - Original","JT Donaldson, Giom","Lets Make A Record","cratediggers.anon","Playlist","USAH90910297","1T5DUf8Z6ZbEFytRt0EJMm"
"Head Down - Kuba Sojka Remix","DJ T-1000","Drums and Weapons Remixes","cratediggers.anon","Playlist","US8QE1302503","489gTOTA6LJLvH4lF5jpz3"
"So Much Love to Give","Eris Drew","Fluids of Emotion","cratediggers.anon","Playlist","US3282004403","5KtPOErnhZwiHRPCSl5cAB"
"Love Is The Drug - Todd Terje Disco Dub","Roxy Music","Love Is The Drug / Avalon","cratediggers.anon","Playlist","GBAAA1200039","2sd9yK6Ll0wjm3etMzkEja"
"Superclique","DJ Q","Superclique EP","cratediggers.anon","Playlist","GBHSF0800076","6VEwtmvm0yVYvRhtcpfIjD"
"Slap That Bass - Miguel Migs Petalpusher Remix","Ella Fitzgerald","Verve Remixed 2","cratediggers.anon","Playlist","USGR10300558","3QKwN4AqdLsgJGiz73B62I"
"(B)","Chris Carrier","Planète Euphorique","cratediggers.anon","Playlist","FR48Z1200055","4NUPQB4ffXR9YoP7T7laVM"
"Right On, Right On","Silicone Soul","The Answer","cratediggers.anon","Playlist","GBBVL0000973","5skMSh71YcWfXJyIUk9Obi"
"Son Of Raw","Dennis Ferrer","Coast2coast: Karizma","cratediggers.anon","Playlist","GBHSF0700916","5hhuM2R1ukzGjca665Y8W8"
"New Day","The Return","Lights Out / New Day","cratediggers.anon","Playlist","GBCPZ0702311","40fRip6lUhY5U1OkQk8wta"
"Meekong","Warren Raww","Raps to Get In","cratediggers.anon","Playlist","NLM651800045","0MdyaPUWUpeQhhe0BJD2Od"
"It's A Love Thang - Original Mix","Paul Johnson","The Groove I Have LP","cratediggers.anon","Playlist","QMLA71300052","36DQ1U6LpJGnnF6lWO5f8R"
"Ikigai","Claudio Solis","Ikigai","cratediggers.anon","Playlist","CA5KR2449085","59eQLa7w653vFaNAO8ZiBC"
"Just as Long as I Got You - Original","The Looney Tunes","Just as Long as I Got You","cratediggers.anon","Playlist","USGZ20602202","3Yb2aY0arUHFWB3RVNQk7V"
"Remember The Days","Rhythm Plate","Music From Our Souls","cratediggers.anon","Playlist","GBLKD0617003","2V1uU74LXkMlSSVHX1VLpy"
"Seduction (Original)","Nils Nürnberg","Seduction","cratediggers.anon","Playlist","USQY50823473","4iIZnuFNUMIAefAnmiekKG"
"Gone Home - Original Mix","Pontchartrain","Rocksteady Disco All-Stars, Vol. 1","cratediggers.anon","Playlist","GBKQU1658657","3WzXOvJLjGUsK9MnV4Hs0d"
"Deep Soul - Martin Eyerer Remix","Audionatica","Deep Soul","cratediggers.anon","Playlist","DEH741101722","3TAkbVK8duAWr6UIfDhzvA"
"N Syde Out","Gari Romalis","Metro Heat EP","cratediggers.anon","Playlist","USLZJ2015561","51xeQWKbYnQKZP2T0v9mlP"
"Shut It","Eric Duncan","Shut It","cratediggers.anon","Playlist","UKACT2032100","6jOHOs8QDb1X6TeclPmowF"
"Le Velour","Shonky","Le Velour EP","cratediggers.anon","Playlist","GBKQU2086818","7oQSoa9pewmNvK8hsiCBdi"
"Game Over - Loco Dice 5AM at the Tsukiji Market Remix","Tokyo Black Star","Bit Commander EP","cratediggers.anon","Playlist","DEEC30800030","0IEKUEOdRyroxG7jkwVGxz"
"Sunday Memories","Frankman","Sunday Memories","cratediggers.anon","Playlist","DEX040200007","3l77aCjMFpDb2ezlb3BRbG"
"Fade","Hipp-E","Psycho-Delics - The Complete Trip","cratediggers.anon","Playlist","GBHSF0400482","04OOKmGCcCL5ePJQ8z4f1P"
"Arigato","fp-oner","7","cratediggers.anon","Playlist","DEU671701753","2XbjG4VcjOqPd87QAZDmLT"
"Universal Mind","Fred Everything","Under The Sun","cratediggers.anon","Playlist","GBEWY0300048","0qYs4oJs049EUf5y2qP3IV"
"End Title - Art of Tones Remix","Jesper Ryom","Deep Blues","cratediggers.anon","Playlist","QMSNZ1501696","4JFjJqCYitt1NGcpXZ6xsR"
"Fields Ahead","Inland Knights","New Century Swings","cratediggers.anon","Playlist","GBJVT0500012","3l3jixGyIKO6kSin87cJir"
"Control Freak","Vincent G","Various, Vol. 2","cratediggers.anon","Playlist","GBKQU1950172","3yfQ5RfaOplahXqJKhh6l9"
"Rude Child - Subjoi Remix","Thabo (DE)","Home Again 01","cratediggers.anon","Playlist","DEY472070215","0gtU3z4eZN5SW4VOgnVT2P"
"Old Friends - Original Mix","Fuzz Face","Far Out","cratediggers.anon","Playlist","DEK602214308","7bToAoDwkk5ab0H6YwHTTG"
"Gabriel - Live Garage Mix","Roy Davis Jr.","Gabriel","cratediggers.anon","Playlist","US2259601901","6fSdR81YvNG8Wo6i2ytLPR"
"Stripped Down to the Bone","Motor City Drum Ensemble","Compost Black Label #27","cratediggers.anon","Playlist","DEM090700132","7iN0dJ3jE2NjcN4vxWY1sJ"
"Touched By God - Peace Division Remix","Katcha","Touched By God","cratediggers.anon","Playlist","GBHCD9900187","7qgLqYymj4nw70fJqN2Fig"
"Demonic S-Cape - Funk The Lord Mix","Hyper U","Demonic S-Cape","cratediggers.anon","Playlist","NLDB91600123","7iwL5SkBSTjS2VggAIPIYM"
"City Lights - Mr. Hazeltine Remix","Mannequin Lung","The Art of Travel","cratediggers.anon","Playlist","USPG20600164","0AhhR6gQynMKqDHlLCQZZo"
"Where Is Your Evidence? - Club Mix","Frequency","Where Is Your Evidence?","cratediggers.anon","Playlist","NLE800700064","2vNzNoB1DImUgOxzQvBwKM"
"Date M.","The Traveller","Wonka - Tunes From The Chocolate Box","cratediggers.anon","Playlist","BEGO59110040","1DlCRPLXZeZCuQaL2JdKhw"
"Medown - Remastered","Eddie Richards","9660 EP","cratediggers.anon","Playlist","QZS1Z1620067","33AoRc2zt4bhjbHHdlHOul"
"Hush - Rithma's Driving Through The Desert Remix","Michael Anthony","Hush","cratediggers.anon","Playlist","US9GP0902002","4YDhnjbfqBXtBX07qXwOqu"
"The Mission - Mix 3","Boris The Spyder","The Mission","cratediggers.anon","Playlist","DEL021310076","51chmrE2kt5xzQvV5msliT"
"Flossie Wears Paco And Ralph","Two Lone Swordsmen","Swimming Not Skimming","cratediggers.anon","Playlist","GBCAC9600620","0weNpxOrJ9iLcwM3lguYnf"
"R U OK - Marco Carola 4 Beats Remix","Ambivalent","R U OK (Remixes)","cratediggers.anon","Playlist","CAM260750049","5iMZGH08THLPX0zjQp7Md0"
"Sonic","Traumer","Hors Serie : L'essentiel","cratediggers.anon","Playlist","DEH742007677","1MUOOU1XGoTYmpIv2He9ZR"
"Blown Away - Todd Sines Mix","Charles Webster","Blowing","cratediggers.anon","Playlist","FR2T01600065","0VyRda7KS8tu83Ax46MxgT"
"Slim - DVS1 Four By Four Mix","Sawf","Flaws Remixed","cratediggers.anon","Playlist","GBUNP0995001","3he7DkHNcWzlDaHGQDI9fW"
"Darn (Cold Way O' Lovin) (Derrick Carter Remix)","Super Collider","Archives","cratediggers.anon","Playlist","GBBMQ0700757","50bFF5mNwy5Dq7b165gP7U"
"Scale No Flam - Servito and Cudmore Bass Shift Mix","Gunnar Haslam","Scale No Flam","cratediggers.anon","Playlist","DEZ651703761","5SUOdaScqo3OHU7Fn4zjVC"
"Pushing - 303 Jazz Mix","Phrased","INTLBLK001","cratediggers.anon","Playlist","FR10S1760424","649i4bqMxyeyMWF8IFluRN"
"Bonton","Roberto Clementi","Bonton","cratediggers.anon","Playlist","DEU671401488","2Bev9DJo3no01nt3wSURO7"
"Fear Control","Don Kamares","Fear Control","cratediggers.anon","Playlist","UKACT2232359","4GCv9pzV0DVQTAxiAwYi6a"
"Cryptosporidium (Thinned Dose)","Earthlink","Three Angles","cratediggers.anon","Playlist","NL8RL2437430","2WqjhVRCwGXZwf0FFFlRtZ"
"Music For Your Feet","Freaks","Dance, Sing, Get up and Do Your Thing","cratediggers.anon","Playlist","GBVVQ1204017","2cqU5hQiaq0bieRBnHKVbW"
"Analog Love","The Godson","Vibes New & Rare Music - Part 3","cratediggers.anon","Playlist","NLM971000077","0mPbgFtJOgRh91wAlXp12t"
"Stomp Your Feet - Original Mix [2015 Remaster]","Mateo & Matos","Glasgow Underground 97:07","cratediggers.anon","Playlist","GBPQS1500052","4OULSXgGNB8ql9VUqPK7oh"
"Touch Me","Ecco","Touch Me","cratediggers.anon","Playlist","DEAR41424881","1lw6vA2TmINfN9AP0owksE"
"Card House (feat. Miles Cooper Seaton) - Art Department's Foolish Perspective Dub","Chris Liebing","BURN SLOW REMIXES PT. II","cratediggers.anon","Playlist","GBR8R2000030","3zjThDZd3iaxfur6L8RlDf"
"night call","DJ Jes & Ares","FRESCA RECORDINGS GREATEST TRACKS VOL 1.","cratediggers.anon","Playlist","DEKB71368718","4VZkcDnEKWiZPbZ43PzmIV"
"Temptation - Original Mix","Boutiq.808","NO POINT EP","cratediggers.anon","Playlist","DEK602411008","46T0iJZJwgPnsiRAu1uTGQ"
"Big Love - The Dronez Mix","Pete Heller's Big Love","Big Love","cratediggers.anon","Playlist","GBCPZ9913726","3oPTJB34zCyiYP9rJzuTQs"
"Seven of Nine","Andrew Macari","Time and Space EP","cratediggers.anon","Playlist","USI4R0508807","0UqLuwdHKzVJUqMAFs6b6y"
"Do It Your Way - Original Mix","Mood II Swing","Do It Your Way","cratediggers.anon","Playlist","USZ871200226","6bxeekI9n4mFVw4GoeQZMa"
"Even Deeper","Titonton Duvante","Sensual","cratediggers.anon","Playlist","BE0491600179","5fgtjo1viCANsZV22uVvV0"
"4 The Love","Code Red","Soul Heaven Presents Digital Heaven","cratediggers.anon","Playlist","GBCPZ0501265","3JWoVCE9cRVpK5tEquzqj0"
"Still Hope (feat. Anthony Anaxagorou)","Secretsundaze","Still Hope","cratediggers.anon","Playlist","GB2DZ1800041","1HJj07lTsh0qgvxxTl7ZIZ"
"How U Do It - Oliver Dollar Remix","Feiertag","How U Do It (Oliver Dollar Remix)","cratediggers.anon","Playlist","DEP962100075","5tYI4TwRP1LnvP9KuI0I3y"
"Chrysonite","Silicon Scally","Live At Scand","cratediggers.anon","Playlist","UK28T1300085","6WCaOl53gYrOHve2omfXc8"
"Space Jazz","Jesse Bru","Space Jazz","cratediggers.anon","Playlist","DEY471732461","7M6EJXyzempKQehqiikSQy"
"Dance and Dance Again","Boulderhead","Dance and Dance Again","cratediggers.anon","Playlist","DEG932304904","70fG1hthdcQ97OwM5awhcK"
"The Pope - M.I.T. Remix","Bredes Fernando","The Pope EP (Remixes)","cratediggers.anon","Playlist","CA5KR1047935","43kI76NSnwf1DqmDjSmiF8"
"Shakin' Room","Ace & the Sandman","Let Your Body Talk","cratediggers.anon","Playlist","USV291449127","0wqpwOJMqQ7Tx0MELK60ae"
"Miles and Miles","Leeon","A New Chapter","cratediggers.anon","Playlist","GBSNZ0700069","42Bt9O0oKUbbSPeJVYnoL3"
"Somebody Somewhere","The IT","The It EP","cratediggers.anon","Playlist","US4G91300573","4qQOMnuutqySVBSjjSbmlb"
"Juni-KK - Kollektiv Turmstrasse Dub Rmx","Marko Furstenberg","Cocktail Royale Ep","cratediggers.anon","Playlist","DECY50795075","2NUcrxaWuE8h8KtoC0VuMM"
"Particle Shower","Martian, The","Nocturbulous Behavior - The Mix","cratediggers.anon","Playlist","USGUM0910237","3DDCNPLcVmu1kzOVErJAxz"
"Irisation","Pharba","Numerous Agnomens, Vol. I","cratediggers.anon","Playlist","GBLV62012219","08znYBBTIR3N27KQjg0Qr3"
"The Struggle","D.O.D","The Struggle","cratediggers.anon","Playlist","FRS379700180","6xYYWGKDuVl7Lcfx2QqDc3"
"Luna","Etapp Kyle","Klockworks 16","cratediggers.anon","Playlist","DEMM41501654","6OeNnNnh2Fk6UIsBK62Ors"
"Love Is The Way","The Mole","Love Is The Way","cratediggers.anon","Playlist","CAMH91110183","4d96oTd7jW8aD1CKANMb6X"
"Helix","Parallel 9","Helix/Gnosis","cratediggers.anon","Playlist","NLM792100080","71ApEDYeUIIOBqFeqVm4KL"
"Cricco Castelli- Life Is Changing Again- Sour Ass Dub 1","Cricco Castelli","Kult Records Presents: Life Is Changing Again","cratediggers.anon","Playlist","US92E0510598","1KmnRXtvtM41ox7a3Avft4"
"Deeper","Herbert","100lbs (2013 Special Edition)","cratediggers.anon","Playlist","GBDJX1200073","0zjBCNItAiz1mwNzlaMuc9"
"Elastic","Sansibar","We Rise","cratediggers.anon","Playlist","QZDA52413034","1g44A83UZPDzuiqvds59j6"
"Heatwave on Mars - Kaytronix Heated Remix","Akabu","The Phuture Remixed","cratediggers.anon","Playlist","GBPKF1200023","62anK0kVGuFFyRtLc9ou7i"
"Never Leave You","ADNY","Never Leave You Remixes","cratediggers.anon","Playlist","CAT390400005","2v5Nwk8cqHtOE2qnTaL8nd"
"Tranquility on Phobos","A Guy Called Gerald","Hot Lemonade","cratediggers.anon","Playlist","GBMA22301008","2g2ua4QTem5pdGIFAWPBKx"
"In the Club - Delano Smith Remix","Eman","In the Club","cratediggers.anon","Playlist","DEP081000066","48SRT70fN2z33YF7DONMv2"
"Virtuality - Original","Crazy P","MTS Vol. 2","cratediggers.anon","Playlist","GB2XE1200087","3wOAPdLIDSsinz5KtPpuV0"
"The Club","The Blockbox","Dusted","cratediggers.anon","Playlist","ATR981166390","5TStLAueumQHHrOe6woteD"
"216","Galcher Lustwerk","LUSTWERK II","cratediggers.anon","Playlist","US2J72302107","5SvcLcn8jGFyDNGhDAbRDV"
"Emerald City - Family Affair Mix","Johnny Dangerous","The Problem Continues","cratediggers.anon","Playlist","USA670400484","1utr3V7ReIXpzsx5ZoXJi1"
"Sky Is Clear (Michael Mayer Remix)","Agoria","Touched By...","cratediggers.anon","Playlist","BEP010310024","29Kcq2AVDCjR7YmmR2YHxP"
"Schall","Elektrochemie LK","Schall","cratediggers.anon","Playlist","DET749900014","10UJ2tbWnHgqqESi0EKbdP"
"Searchin' - Borrowed Identity Remix","Beesmunt Soundsystem","Raindance","cratediggers.anon","Playlist","PLE071505504","1wttoQT1DsI00aR0IMRBcK"
"Orbits of Dust","Session Victim","Orbits of Dust","cratediggers.anon","Playlist","DEG932105187","6Ph7youWJICoOoevKOvyJR"
"Filter Fight","BRS","Gravity","cratediggers.anon","Playlist","UKACT2131334","7C6TH6VMuXIwlfE5z3pkVf"
"Touch - Vocal Mix","Ran Salman","Touch","cratediggers.anon","Playlist","BEY921001712","761A2VPys2h8UxOBEtO3jq"
"Sawmill","Liftkit","Sawmill","cratediggers.anon","Playlist","QM6N22464725","7Ai93DSNHHRgCVYQkZIRTM"
"Neptunelove - Original Mix","Javonntte","Dirty Digital Experience EP","cratediggers.anon","Playlist","DEK602312489","2WFp3PbpN9eydRYiOUP3D2"
"Teotihuacan (Pyramid of the Sun)","System 7","Planet 7","cratediggers.anon","Playlist","GBDPW0600013","0gqqtcl7JhZ91ganoTpEOi"
"All Mine - K-Alexi Remix","The Beat Junkies","Ugly Music 25th Anniversary Edition","cratediggers.anon","Playlist","GX3Q42100003","1cNjAxnxiqk2DYzeW8Rx9r"
"Reasons for Love","Quentin Harris","No Politics","cratediggers.anon","Playlist","USSR30834004","174G7AQ3cMdxzwunG4TA8B"
"It's Going To Be Alright - Chez N Trent Mix 1","Miller : Scott Project","The KMS Remixes","cratediggers.anon","Playlist","NL8FJ2300321","2Nmlc2kRDHFWgyrxItwCB8"
"East Love","Chris Carrier","Best of Chris Carrier","cratediggers.anon","Playlist","FR48Z0800007","1yAORGdxOEoWTxpItRCQ05"
"Siu Nam Tao","Abseits","Lebertape 7","cratediggers.anon","Playlist","DEH742009290","0WTY8THhXG9KD2WKwKEBEm"
"Quincy Rise 44","DJ Jus-Ed","Unity Kolabo","cratediggers.anon","Playlist","QM4TW2218104","2ekRgQy705nOfKy3HW7qQK"
"Colours","Junes","Colours EP","cratediggers.anon","Playlist","DEPL91359021","789XcvwAlHAS3YU7OEi2DW"
"Night of the Sagitarius","Theo Parrish","Essential Selections, Vol. 1","cratediggers.anon","Playlist","DEZ651353801","36MbLj50Jt6QW0XAeJ7yae"
"I Got What U Need - Bust Out Da Bellbottoms Pass","Prince Quick Mix, The Groove Soldiers","Nervous Third 50 Releases","cratediggers.anon","Playlist","USNRS1332398","4RDV4yWieTkv2psuOsDgUP"
"Rotation of Life","Phunky Data","Fashion Or Not?","cratediggers.anon","Playlist","FXR579823138","6Sy1zgrvWKqgtP1bxJDPyY"
"Wanderux","Elka","Deep Intervention","cratediggers.anon","Playlist","UKN6K1800028","6glyV3wMpq0dPUOEbfRvgV"
"Dubbel Tvekan","Harald Björk","Sounds For The 4th Decade","cratediggers.anon","Playlist","SEYOK2337558","7qULuGTN7pO31Rb59CeWqX"
"Nightshift","Red Rack'Em","Red Rack'em Revisited","cratediggers.anon","Playlist","QMBZ91398703","30Oe8HJr7Ku2s4Enk93JAx"
"Deeper Love","Kasper","The Many Shades Of Soul Notes, Volume Two","cratediggers.anon","Playlist","NLCK41021668","61cfkceR85Fy3eOBf14lET"
"Sun Rise Way","Djebali","Ideal Juice Compilation, Vol 2","cratediggers.anon","Playlist","DEZ651719266","5TeSb8JBuPigYtZVsNkcDc"
"Eyes Forward","Shawn Rudiman","Autonomic Pilot","cratediggers.anon","Playlist","DEF271931105","42k6degvitPXVkWILtY8QD"
"Barythmia","Woo York","Grad EP","cratediggers.anon","Playlist","NLCK41021362","75wWpc9RFDpjamJNL7sCXh"
"Always Tripping","Pete Moss","In Your Dreams","cratediggers.anon","Playlist","GBDJH0300006","7lu3cGxTlchzVWlZU3UfSF"
"Cafe Cantante","Guillaume La Tortue","Adult Only Records 10","cratediggers.anon","Playlist","FR9X11900209","28ftVUUlMJ5A3YRGFf5BzQ"
"Dreams - Extended Version","Blue Zone","Celebrate Life","cratediggers.anon","Playlist","UAIV11800084","0ClGrIQognHTuaDgzBp8hi"
"7_1 - 12-inch Mix","Truncate","7_1 (12-Inch Mixes)","cratediggers.anon","Playlist","USQY51785144","12xYHQ5LFjl1kWxG5JyjYd"
"Tweek & Roll - DJ Lukke Remix","Josh Wink","Tweek & Roll (DJ Lukke Remix)","cratediggers.anon","Playlist","GBGHZ1900524","7KMNqPkLXWvwFk2NoeHcgn"
"Shhhh","TAFKAMP","REVENGE1","cratediggers.anon","Playlist","NLCK41047090","0xdhsWYkSxJiCnmBHxf4FA"
"Move Your Body Feel Like This","Jay Tripwire","Same Old Story EP","cratediggers.anon","Playlist","DEDL81200840","1xxYRQQ5cYomApqvii5qAD"
"After Everything - Original Mix","James Johnston","After Everything - The Remixes","cratediggers.anon","Playlist","NLCK41404192","702BZ2asB3ysnMnrSEdl77"
"Burning","Chris Carrier","Vocalized EP","cratediggers.anon","Playlist","GBCWJ2000109","3rxPj5yQvn9yUAyWVSpSUh"
"Lesson #1","Josh Caffe","Box of Talk","cratediggers.anon","Playlist","GBKQU2013719","5EbMqkHe85GCamakRbpA7i"
"Tunnel Vision","John Daly","Lonely Beat EP","cratediggers.anon","Playlist","DEM090900054","7DiJHTLzxRfQWzJCXguMs1"
"We Are Phuture - Ricardo Villalobos Phutur I Remix","Phuture","We Are Phuture (Ricardo Villalobos Phutur I - IV Remixes)","cratediggers.anon","Playlist","DEBE71700379","5oD2sNz1GPDhTrc5ChXmJW"
"Project 3 - Chris Lake Temper Mix","Joshua Collins","Project 3 EP","cratediggers.anon","Playlist","USA2P0600882","5Ik1GFFJGiZA0pfXvtzHQ8"
"The Beat - Nice7 Remix","D.J. Pierre","The Beat Remixes","cratediggers.anon","Playlist","ITV260900684","3bmgMTW2DVAfQ6J7WDFtBQ"
"Feeling","Kevin Yost","Small Town Underground, Vol. 2","cratediggers.anon","Playlist","USAQN0301406","3BeOAPTvlfztKcpXGkAjLH"
"If Only I Could (feat. Steve Lucas) - Liem Remix","Fusion Groove Orchestra","If Only I Could (feat. Steve Lucas)","cratediggers.anon","Playlist","GBCPZ1509317","0U7sbXtHiRvvJPIv3xvDpt"
"Serval","Deniro","Dekmantel 10 Years 08","cratediggers.anon","Playlist","NLTH61700115","5xxEr43AZQf9f0MNseW5Uy"
"All I Wanna Do (MG's Vibedub)","Miguel Graca","All I Wanna Do","cratediggers.anon","Playlist","AUXN22150302","4FUurU94U2eXJmqn9oIkqW"
"From Within the Mind of My 909","Man With No Name","Richard Sen Presents This Ain't Chicago - The Underground Sound of UK House & Acid 1987-1991","cratediggers.anon","Playlist","DEG931290083","0VEqfbJmmGnFcLDcECNCSR"
"Juan Is the Teacher","Maas","Suture Self E.P","cratediggers.anon","Playlist","GBBVL9600383","3X0CVOFE2F98In9sWgWiHQ"
"Little Helper 8-2 - Original Mix","Tim Xavier","Little Helpers 08","cratediggers.anon","Playlist","GBKQU1601144","6x4Peh1y5RCpR0VoWZTU1n"
"Synkro (Remastered)","Luomo","Vocalcity (20th Anniversary Re-Master)","cratediggers.anon","Playlist","UK8261900260","4ibfNmnneJTBwGkxk8FI5e"
"Soul Sounds","Sasse","Soul Sounds","cratediggers.anon","Playlist","DECK20500013","5qbXSryC9Qq93yMoumF1VN"
"Share My Soul","Soul Designer","Walking On A Little Cloud","cratediggers.anon","Playlist","FRV220100131","4iKcBoRL3s1YDFIFSKDDmb"
"Sark Island Acid","Legowelt","Sark Island Acid","cratediggers.anon","Playlist","DEMM41301255","1QLLb6EfufDCE1dtSJVgJ7"
"Universal Rhythm - Original","Gene Hunt","Real Estate Records Vol 3","cratediggers.anon","Playlist","USERR0300301","5wNv68PgI6hL5awCEwBzkE"
"I Am House Music - Sascha Dive Chi-Town Mix","Joe Smooth","I Am House House Music (Remixes)","cratediggers.anon","Playlist","QM6P41836580","1lo06JDajMy40H7aT6X94R"
"Turning Orange - Freaks - Speakeasy","Freaks","Turning Orange","cratediggers.anon","Playlist","GBVVQ1204000","5SAguhg5I56AmP1fOVrB8d"
"Y2k2u","Heartthrob","minMAX","cratediggers.anon","Playlist","CAM261350427","4xqkMjYZd9WztGqxM73WAe"
"Fashion","Late Delivery","Fashion","cratediggers.anon","Playlist","GBJX32263501","1Z8UsK3x1OTHtha1v1Y5In"
"The Hardest Version","Joshua Harrison","Detroit Luv","cratediggers.anon","Playlist","DEBL60809338","4sEkAezrRAuiEaTYWKtp4P"
"Shake That Acid","Cozzy D","Anxiety - EP","cratediggers.anon","Playlist","GB2LD0901960","70rDbjDsdTFRYtnYgEc49V"
"Daze","Nick Holder","Buried Treasure","cratediggers.anon","Playlist","USGZ21765538","6xet0L4PynryK34hYSXZq5"
"Red Supergiant - Original Mix","Daniela La Luz","Pistol Star Ep","cratediggers.anon","Playlist","DEKB71212171","1SRY3UPMlodryE8oNEqP6F"
"005 - Re-Eit Version","Unknown Artist","Alternate EP","cratediggers.anon","Playlist","DEKB72050522","1tmpzeawcDlbHcLTtBGqpM"
"Imagine Life","Moscoman","Correspondant Compilation 03 (Edited)","cratediggers.anon","Playlist","DEU671501780","2Rclhe3d6ic83XHEK6bZNS"
"Eternal Blue - Wata Igarashi Cruising Remix","Aurora Halal","Liquiddity","cratediggers.anon","Playlist","USYBL1901650","5hZGzm3Bhb4iWDICJZc1ws"
"Love - After Hours Mix","Wayne Gardiner Pres Classic Man","Mellow","cratediggers.anon","Playlist","USNRS0925836","0viLOzZ4ngNDNAc7Bd0f1i"
"Why Can't We See - Hubba Dubba Mix","Blind Truth","Why Can't We See","cratediggers.anon","Playlist","GBDLM1600228","6nh9DbOys34anBg5ju9Nue"
"Abi 99 1","Joachim Spieth","Abi 99","cratediggers.anon","Playlist","DEU679900024","6ybozgEN2NUOh0r4dJjUT1"
"Idea Of A Deep State","Jared Wilson","Idea Of A Deep State EP","cratediggers.anon","Playlist","GBWWA1600091","4ikD9hq6gD1UILu6vZcgD3"
"Tunnel Vision","Comfort Zone","FR020","cratediggers.anon","Playlist","UKN6K2300762","1Dwc5ZwhbOPIR2aAcstrkT"
"One Day","Delano Smith","Detroit Lost Tapes","cratediggers.anon","Playlist","GBKQU2185591","36tVCrnctwGHqaSukGCxVE"
"Terminal","K-Hand","Acacia Classics, Vol. 3","cratediggers.anon","Playlist","US3L61594481","0c7YQ3t5rtM34wFkoKBkEq"
"One Track Mind","Norm Talley","The Palmer Park Project EP","cratediggers.anon","Playlist","GBRSW0900404","5eSha1fZaVJCgb7AAI6Emd"
"Who Wants Alchemy?","Louis Marlo","Who Want's Alchemy?","cratediggers.anon","Playlist","AUBEC2406195","43uFgVIxiZHPyEZYfc7j4k"
"In Aller Freundschaft","Reinhard Voigt","Total 3","cratediggers.anon","Playlist","DEU670100056","3BpIKsdpSkyqcn8Gemcbui"
"In Between Gates - Reshape","Fred P","The Incredible Adventures of Captain P","cratediggers.anon","Playlist","DECY51213321","7zbIk4Pl5ZqjtitutYz1LY"
"Karasu","Quarion","Karasu","cratediggers.anon","Playlist","DEM090600132","1jq8mvm4dm1BOCDsghV7Uk"
"Ping Pong - Remastered 2021","Speedy J","G Spot (Remastered 2021)","cratediggers.anon","Playlist","CAM269580008","4pAitV6dShsO4akf91kTlS"
"My Soul Responding Feat. D.Ham","El Prevost","Money Honey - EP","cratediggers.anon","Playlist","GBGXG1000332","5kekInZOrJh8wnyDRsdDUu"
"De Bass","Gemini","In Neutral","cratediggers.anon","Playlist","FR6V80929594","5JaBssLhkEMmdr16ahNXYt"